time,x,y,z,targetX,targetY,targetZ
0,-125.998493,150.998493,-162.997682,0,68,0
0.25,-125.995342,150.995342,-162.992834,0,68,0
0.5,-125.988227,150.988227,-162.981888,0,68,0
0.75,-125.974723,150.974723,-162.961113,0,68,0
1,-125.952289,150.952289,-162.926599,0,68,0
1.25,-125.91854,150.91854,-162.874678,0,68,0
1.5,-125.871361,150.871361,-162.802094,0,68,0
1.75,-125.808931,150.808931,-162.706048,0,68,0
2,-125.729717,150.729717,-162.58418,0,68,0
2.25,-125.632462,150.632462,-162.434557,0,68,0
2.5,-125.516175,150.516175,-162.255653,0,68,0
2.75,-125.380116,150.380116,-162.046333,0,68,0
3,-125.223789,150.223789,-161.805829,0,68,0
3.25,-125.046923,150.046923,-161.533728,0,68,0
3.5,-124.849467,149.849467,-161.229949,0,68,0
3.75,-124.631571,149.631571,-160.894725,0,68,0
4,-124.393581,149.393581,-160.528586,0,68,0
4.25,-124.136022,149.136022,-160.132341,0,68,0
4.5,-123.859587,148.859587,-159.707057,0,68,0
4.75,-123.565126,148.565126,-159.254041,0,68,0
5,-123.253635,148.253635,-158.774823,0,68,0
5.25,-122.926239,147.926239,-158.271137,0,68,0
5.5,-122.584187,147.584187,-157.744903,0,68,0
5.75,-122.228834,147.228834,-157.198206,0,68,0
6,-121.861632,146.861632,-156.63328,0,68,0
6.25,-121.484117,146.484117,-156.052487,0,68,0
6.5,-121.097897,146.097897,-155.458304,0,68,0
6.75,-120.704643,145.704643,-154.853296,0,68,0
7,-120.306069,145.306069,-154.240106,0,68,0
7.25,-119.903929,144.903929,-153.621429,0,68,0
7.5,-119.5,144.5,-153,0,68,0
7.75,-119.096071,144.096071,-152.378571,0,68,0
8,-118.693931,143.693931,-151.759894,0,68,0
8.25,-118.295357,143.295357,-151.146704,0,68,0
8.5,-117.902103,142.902103,-150.541696,0,68,0
8.75,-117.515883,142.515883,-149.947513,0,68,0
9,-117.138368,142.138368,-149.36672,0,68,0
9.25,-116.771166,141.771166,-148.801794,0,68,0
9.5,-116.415813,141.415813,-148.255097,0,68,0
9.75,-116.073761,141.073761,-147.728863,0,68,0
10,-115.746365,140.746365,-147.225177,0,68,0
10.25,-115.434874,140.434874,-146.745959,0,68,0
10.5,-115.140413,140.140413,-146.292943,0,68,0
10.75,-114.863978,139.863978,-145.867659,0,68,0
11,-114.606419,139.606419,-145.471414,0,68,0
11.25,-114.368429,139.368429,-145.105275,0,68,0
11.5,-114.150533,139.150533,-144.770051,0,68,0
11.75,-113.953077,138.953077,-144.466272,0,68,0
12,-113.776211,138.776211,-144.194171,0,68,0
12.25,-113.619884,138.619884,-143.953667,0,68,0
12.5,-113.483825,138.483825,-143.744347,0,68,0
12.75,-113.367538,138.367538,-143.565443,0,68,0
13,-113.270283,138.270283,-143.41582,0,68,0
13.25,-113.191069,138.191069,-143.293952,0,68,0
13.5,-113.128639,138.128639,-143.197906,0,68,0
13.75,-113.08146,138.08146,-143.125322,0,68.000001,0
14,-113.047711,138.047711,-143.073401,0,68.000031,0
14.25,-113.025277,138.025277,-143.038887,0,68.000329,0
14.5,-113.011772,138.011773,-143.018111,0,68.002288,0
14.75,-113.004655,138.00466,-143.00716,0,68.011428,0
15,-113.001487,138.001517,-143.002282,0,68.042753,0
15.25,-113.000296,138.000427,-143.000425,0,68.12427,0
15.5,-112.999756,138.000232,-142.999518,0,68.291444,0
15.75,-112.999059,138.000486,-142.998231,0,68.572404,0
16,-112.997582,138.00121,-142.995466,0,68.974051,0
16.25,-112.99466,138.00267,-142.989988,0,69.477791,0
16.5,-112.989557,138.005222,-142.980419,0,70.044383,0
16.75,-112.981596,138.009202,-142.965493,0,70.62312,0
17,-112.970346,138.014827,-142.944399,0,71.162259,0
17.25,-112.955735,138.022133,-142.917003,0,71.619766,0
17.5,-112.937994,138.031003,-142.883738,0,71.973433,0
17.75,-112.917407,138.041296,-142.845139,0,72.227121,0
18,-112.89404,138.05298,-142.801325,0,72.40766,0
18.25,-112.867666,138.066167,-142.751873,0,72.551007,0
18.5,-112.837931,138.081034,-142.696121,0,72.686507,0
18.75,-112.804539,138.097731,-142.63351,0,72.830382,0
19,-112.767296,138.116352,-142.563679,0,72.988963,0
19.25,-112.726078,138.136961,-142.486396,0,73.164167,0
19.5,-112.680796,138.159602,-142.401493,0,73.356616,0
19.75,-112.631381,138.184309,-142.30884,0,73.56663,0
20,-112.57778,138.21111,-142.208337,0,73.794436,0
20.25,-112.519955,138.240023,-142.099915,0,74.040192,0
20.5,-112.457884,138.271058,-141.983532,0,74.303993,0
20.75,-112.39156,138.30422,-141.859175,0,74.58587,0
21,-112.32099,138.339505,-141.726855,0,74.885795,0
21.25,-112.246193,138.376903,-141.586612,0,75.203679,0
21.5,-112.167205,138.416398,-141.438509,0,75.53938,0
21.75,-112.084071,138.457965,-141.282632,0,75.8927,0
22,-111.99685,138.501575,-141.119093,0,76.263389,0
22.25,-111.905613,138.547194,-140.948023,0,76.651147,0
22.5,-111.810441,138.594779,-140.769578,0,77.055624,0
22.75,-111.711429,138.644285,-140.58393,0,77.476426,0
23,-111.608679,138.69566,-140.391273,0,77.913114,0
23.25,-111.502304,138.748848,-140.191821,0,78.365206,0
23.5,-111.392428,138.803786,-139.985803,0,78.83218,0
23.75,-111.279182,138.860409,-139.773466,0,79.313477,0
24,-111.162706,138.918647,-139.555073,0,79.8085,0
24.25,-111.043148,138.978426,-139.330903,0,80.31662,0
24.5,-110.920665,139.039667,-139.101248,0,80.837172,0
24.75,-110.79542,139.10229,-138.866412,0,81.369465,0
25,-110.667582,139.166209,-138.626715,0,81.912778,0
25.25,-110.537326,139.231337,-138.382486,0,82.466364,0
25.5,-110.404835,139.297582,-138.134066,0,83.029451,0
25.75,-110.270295,139.364853,-137.881803,0,83.601246,0
26,-110.133897,139.433051,-137.626058,0,84.180936,0
26.25,-109.995838,139.502081,-137.367196,0,84.767689,0
26.5,-109.856316,139.571842,-137.105592,0,85.360657,0
26.75,-109.715534,139.642233,-136.841627,0,85.958979,0
27,-109.573699,139.713151,-136.575685,0,86.561781,0
27.25,-109.431017,139.784492,-136.308156,0,87.168179,0
27.5,-109.287699,139.856151,-136.039435,0,87.777281,0
27.75,-109.143956,139.928022,-135.769917,0,88.388188,0
28,-109,140,-135.5,0,89,0
28.25,-108.856044,140.071978,-135.230083,0,89.611812,0
28.5,-108.712301,140.143849,-134.960565,0,90.222719,0
28.75,-108.568983,140.215508,-134.691844,0,90.831821,0
29,-108.426301,140.286849,-134.424315,0,91.438219,0
29.25,-108.284466,140.357767,-134.158373,0,92.041021,0
29.5,-108.143684,140.428158,-133.894408,0,92.639343,0
29.75,-108.004162,140.497919,-133.632804,0,93.232311,0
30,-107.866103,140.566949,-133.373942,0,93.819064,0
30.25,-107.729705,140.635147,-133.118197,0,94.398754,0
30.5,-107.595165,140.702418,-132.865934,0,94.970549,0
30.75,-107.462674,140.768663,-132.617514,0,95.533636,0
31,-107.332418,140.833791,-132.373285,0,96.087222,0
31.25,-107.20458,140.89771,-132.133588,0,96.630535,0
31.5,-107.079335,140.960333,-131.898752,0,97.162828,0
31.75,-106.956852,141.021574,-131.669097,0,97.68338,0
32,-106.837294,141.081353,-131.444927,0,98.1915,0
32.25,-106.720818,141.139591,-131.226534,0,98.686523,0
32.5,-106.607572,141.196214,-131.014197,0,99.16782,0
32.75,-106.497696,141.251152,-130.808179,0,99.634794,0
33,-106.391321,141.30434,-130.608727,0,100.086886,0
33.25,-106.288571,141.355715,-130.41607,0,100.523574,0
33.5,-106.189559,141.405221,-130.230422,0,100.944376,0
33.75,-106.094387,141.452806,-130.051977,0,101.348853,0
34,-106.00315,141.498425,-129.880907,0,101.736611,0
34.25,-105.915929,141.542035,-129.717368,0,102.1073,0
34.5,-105.832795,141.583602,-129.561491,0,102.46062,0
34.75,-105.753807,141.623097,-129.413388,0,102.796321,0
35,-105.67901,141.660495,-129.273145,0,103.114205,0
35.25,-105.60844,141.69578,-129.140825,0,103.41413,0
35.5,-105.542116,141.728942,-129.016468,0,103.696007,0
35.75,-105.480045,141.759977,-128.900085,0,103.959808,0
36,-105.42222,141.78889,-128.791663,0,104.205564,0
36.25,-105.368619,141.815691,-128.69116,0,104.43337,0
36.5,-105.319204,141.840398,-128.598507,0,104.643384,0
36.75,-105.273922,141.863039,-128.513604,0,104.835831,0
37,-105.232705,141.883647,-128.436322,0,105.011004,0
37.25,-105.195467,141.902267,-128.3665,0,105.169266,0
37.5,-105.162105,141.918947,-128.303947,0,105.311053,0
37.75,-105.1325,141.93375,-128.248437,0,105.436876,0
38,-105.106512,141.946744,-128.199711,0,105.547323,0
38.25,-105.083986,141.958007,-128.157475,0,105.643057,0
38.5,-105.064747,141.967627,-128.1214,0,105.724826,0
38.75,-105.048598,141.975701,-128.091122,0,105.793458,0
39,-105.035326,141.982337,-128.066236,0,105.849865,0
39.25,-105.024695,141.987653,-128.046303,0,105.895046,0
39.5,-105.016449,141.991775,-128.030842,0,105.930091,0
39.75,-105.010299,141.994829,-128.019329,-0.000018,105.956165,-0.000019
40,-105.005698,141.996659,-128.011108,-0.000415,105.974287,-0.000451
40.25,-105.000098,141.994731,-128.004741,-0.004352,105.983606,-0.004766
40.5,-104.98007,141.973557,-127.994722,-0.030053,105.972683,-0.033147
40.75,-104.892616,141.871306,-127.961121,-0.148862,105.891994,-0.165504
41,-104.591297,141.519869,-127.850999,-0.551192,105.604521,-0.618717
41.25,-103.794366,140.606127,-127.566445,-1.58202,104.853748,-1.796518
41.5,-102.126338,138.736434,-126.984686,-3.653452,103.316589,-4.206369
41.75,-99.256304,135.60595,-126.010742,-7.044402,100.742665,-8.241219
42,-95.046748,131.157588,-124.626805,-11.731571,97.085128,-13.974664
42.25,-89.624259,125.630165,-122.907162,-17.363928,92.540358,-21.098898
42.5,-83.360436,119.5,-121,-23.360436,87.5,-29
42.75,-76.795058,113.369835,-119.092838,-29.055388,82.459642,-36.901102
43,-70.526859,107.842412,-117.373195,-33.842035,77.914872,-44.025336
43.25,-65.083952,103.394049,-115.98926,-37.295853,74.25733,-49.758781
43.5,-60.790834,100.263562,-115.01533,-39.263711,71.683373,-53.793631
43.75,-57.677147,98.39385,-114.433642,-39.889447,70.146054,-56.203482
44,-55.497855,97.480039,-114.149346,-39.537776,69.394699,-57.381283
44.25,-53.884594,97.128408,-114.039949,-38.627777,69.10558,-57.834496
44.5,-52.527195,97.025717,-114.008001,-37.475761,69.021145,-57.966853
44.75,-51.253941,97.003698,-114.00115,-36.246546,69.00304,-57.995234
45,-50.000376,97.00035,-114.000109,-34.999676,69.000288,-57.999549
45.25,-48.750016,97.000015,-114.000005,-33.749986,69.000012,-57.999981
45.5,-47.5,97,-114,-32.5,69,-58
45.75,-46.25,97,-114,-31.25,69,-58
46,-45,97,-114,-30,69,-58
46.25,-43.75,97,-114,-28.75,69,-58
46.5,-42.5,97,-114,-27.5,69,-58
46.75,-41.25,97,-114,-26.25,69,-58
47,-40,97,-114,-25,69,-58
47.25,-38.75,97,-114,-23.75,69,-58
47.5,-37.5,97,-114,-22.5,69,-58
47.75,-36.25,97,-114,-21.25,69,-58
48,-35,97,-114,-20,69,-58
48.25,-33.75,97,-114,-18.75,69,-58
48.5,-32.5,97,-114,-17.5,69,-58
48.75,-31.25,97,-114,-16.25,69,-58
49,-30,97,-114,-15,69,-58
49.25,-28.75,97,-114,-13.75,69,-58
49.5,-27.5,97,-114,-12.5,69,-58
49.75,-26.25,97,-114,-11.25,69,-58
50,-25,97,-114,-10,69,-58
50.25,-23.75,97,-114,-8.75,69,-58
50.5,-22.5,97,-114,-7.5,69,-58
50.75,-21.25,97,-114,-6.25,69,-58
51,-20,97,-114,-5,69,-58
51.25,-18.75,97,-114,-3.75,69,-58
51.5,-17.5,97,-114,-2.5,69,-58
51.75,-16.25,97,-114,-1.25,69,-58
52,-15,97,-114,0,69,-58
52.25,-13.75,97,-114,1.25,69,-58
52.5,-12.5,97,-114,2.5,69,-58
52.75,-11.25,97,-114,3.75,69,-58
53,-10,97,-114,5,69,-58
53.25,-8.75,97,-114,6.25,69,-58
53.5,-7.5,97,-114,7.5,69,-58
53.75,-6.25,97,-114,8.75,69,-58
54,-5,97,-114,10,69,-58
54.25,-3.75,97,-114,11.25,69,-58
54.5,-2.5,97,-114,12.5,69,-58
54.75,-1.25,97,-114,13.75,69,-58
55,0,97,-114,15,69,-58
55.25,1.25,97,-114,16.25,69,-58
55.5,2.5,97,-114,17.5,69,-58
55.75,3.75,97,-114,18.75,69,-58
56,5,97,-114,20,69,-58
56.25,6.25,97,-114,21.25,69,-58
56.5,7.5,97,-114,22.5,69,-58
56.75,8.75,97,-114,23.75,69,-58
57,10,97,-114,25,69,-58
57.25,11.25,97,-114,26.25,69,-58
57.5,12.5,97,-114,27.5,69,-58
57.75,13.75,97,-114,28.75,69,-58
58,15,97,-114,30,69,-58
58.25,16.25,97,-114,31.25,69,-58
58.5,17.5,97,-114,32.5,69,-58
58.75,18.75,97,-114,33.75,69,-58
59,20,97,-114,35,69,-58
59.25,21.25,97,-114,36.25,69,-58
59.5,22.5,97,-114,37.5,69,-58
59.75,23.75,97,-114,38.75,69,-58
60,25,97,-114,40,69,-58
60.25,26.25,97,-114,41.25,69,-58
60.5,27.5,97,-114,42.5,69,-58
60.75,28.75,97,-114,43.75,69,-58
61,30,97,-114,45,69,-58
61.25,31.25,97,-114,46.25,69,-58
61.5,32.5,97,-114,47.5,69,-58
61.75,33.74984,97.000003,-113.999996,48.74984,69.000003,-57.999996
62,34.997917,97.000078,-113.999907,49.997917,69.000078,-57.999907
62.25,36.233919,97.000822,-113.999014,51.233919,69.000822,-57.999014
62.5,37.415248,97.005715,-113.993142,52.415248,69.005715,-57.993142
62.75,38.430341,97.028535,-113.965758,53.430341,69.028535,-57.965758
63,39.097091,97.106675,-113.87199,54.097091,69.106675,-57.87199
63.25,39.234441,97.309744,-113.628307,54.234441,69.309744,-57.628307
63.5,38.7327,97.725236,-113.129717,53.7327,69.725236,-57.129717
63.75,37.543685,98.4209,-112.29492,52.543685,70.4209,-56.29492
64,35.654015,99.409425,-111.10869,50.654015,71.409425,-55.10869
64.25,33.108403,100.637741,-109.634711,48.108403,72.637741,-53.634711
64.5,30.044417,102,-108,45.044417,74,-52
64.75,26.692122,103.362259,-106.365289,41.692122,75.362259,-50.365289
65,23.336565,104.590575,-104.89131,38.336565,76.590575,-48.89131
65.25,20.255402,105.5791,-103.70508,35.255402,77.5791,-47.70508
65.5,17.644902,106.274764,-102.870283,32.644902,78.274764,-46.870283
65.75,15.5606,106.690256,-102.371693,30.5606,78.690256,-46.371693
66,13.913635,106.893325,-102.12801,28.913635,78.893325,-46.12801
66.25,12.539642,106.971465,-102.034242,27.539642,78.971465,-46.034242
66.5,11.291509,106.994285,-102.006858,26.291509,78.994285,-46.006858
66.75,10.085337,106.999178,-102.000986,25.085337,78.999178,-46.000986
67,8.889081,106.999922,-102.000093,23.889081,78.999922,-46.000093
67.25,7.694453,106.999997,-102.000004,22.694453,78.999997,-46.000004
67.5,6.5,107,-102,21.5,79,-46
67.75,5.305556,107,-102,20.305556,79,-46
68,4.111111,107,-102,19.111111,79,-46
68.25,2.916667,107,-102,17.916667,79,-46
68.5,1.722222,107,-102,16.722222,79,-46
68.75,0.527778,107,-102,15.527778,79,-46
69,-0.666667,107,-102,14.333333,79,-46
69.25,-1.861111,107,-102,13.138889,79,-46
69.5,-3.055556,107,-102,11.944444,79,-46
69.75,-4.25,107,-102,10.75,79,-46
70,-5.444444,107,-102,9.555556,79,-46
70.25,-6.638889,107,-102,8.361111,79,-46
70.5,-7.833333,107,-102,7.166667,79,-46
70.75,-9.027778,107,-102,5.972222,79,-46
71,-10.222222,107,-102,4.777778,79,-46
71.25,-11.416667,107,-102,3.583333,79,-46
71.5,-12.611111,107,-102,2.388889,79,-46
71.75,-13.805556,107,-102,1.194444,79,-46
72,-15,107,-102,0,79,-46
72.25,-16.194444,107,-102,-1.194444,79,-46
72.5,-17.388889,107,-102,-2.388889,79,-46
72.75,-18.583333,107,-102,-3.583333,79,-46
73,-19.777778,107,-102,-4.777778,79,-46
73.25,-20.972222,107,-102,-5.972222,79,-46
73.5,-22.166667,107,-102,-7.166667,79,-46
73.75,-23.361111,107,-102,-8.361111,79,-46
74,-24.555556,107,-102,-9.555556,79,-46
74.25,-25.75,107,-102,-10.75,79,-46
74.5,-26.944444,107,-102,-11.944444,79,-46
74.75,-28.138889,107,-102,-13.138889,79,-46
75,-29.333333,107,-102,-14.333333,79,-46
75.25,-30.527778,107,-102,-15.527778,79,-46
75.5,-31.722222,107,-102,-16.722222,79,-46
75.75,-32.916667,107,-102,-17.916667,79,-46
76,-34.111111,107,-102,-19.111111,79,-46
76.25,-35.305556,107,-102,-20.305556,79,-46
76.5,-36.5,107,-102,-21.5,79,-46
76.75,-37.694444,107,-102,-22.694444,79,-46
77,-38.888889,107,-102,-23.888889,79,-46
77.25,-40.083333,107,-102,-25.083333,79,-46
77.5,-41.277778,107,-102,-26.277778,79,-46
77.75,-42.472222,107,-102,-27.472222,79,-46
78,-43.666667,107,-102,-28.666667,79,-46
78.25,-44.861111,107,-102,-29.861111,79,-46
78.5,-46.055556,107,-102,-31.055556,79,-46
78.75,-47.25,107,-102,-32.25,79,-46
79,-48.444444,107,-102,-33.444444,79,-46
79.25,-49.638889,107,-102,-34.638889,79,-46
79.5,-50.833333,107,-102,-35.833333,79,-46
79.75,-52.027625,107.000003,-101.999996,-37.027625,79.000003,-45.999996
80,-53.220228,107.000078,-101.999907,-38.220228,79.000078,-45.999907
80.25,-54.401262,107.000822,-101.999014,-39.401262,79.000822,-45.999014
80.5,-55.529859,107.005715,-101.993142,-40.529859,79.005715,-45.993142
80.75,-56.498803,107.028535,-101.965758,-41.498803,79.028535,-45.965758
81,-57.132503,107.106675,-101.87199,-42.132503,79.106675,-45.87199
81.25,-57.255274,107.309744,-101.628307,-42.255274,79.309744,-45.628307
81.5,-56.759524,107.725236,-101.129717,-41.759524,79.725236,-45.129717
81.75,-55.598164,108.4209,-100.29492,-40.598164,80.4209,-44.29492
82,-53.76028,109.409425,-99.10869,-38.76028,81.409425,-43.10869
82.25,-51.293045,110.637741,-97.634711,-36.293045,82.637741,-41.634711
82.5,-48.333529,112,-96,-33.333529,84,-40
82.75,-45.106772,113.362259,-94.365289,-30.106772,85.362259,-38.365289
83,-41.888739,114.590575,-92.89131,-26.888739,86.590575,-36.89131
83.25,-38.946076,115.5791,-91.70508,-23.946076,87.5791,-35.70508
83.5,-36.465362,116.274764,-90.870283,-21.465362,88.274764,-34.870283
83.75,-34.496959,116.690256,-90.371693,-19.496959,88.690256,-34.371693
84,-32.952559,116.893325,-90.12801,-17.952559,88.893325,-34.12801
84.25,-31.672138,116.971465,-90.034242,-16.672138,88.971465,-34.034242
84.5,-30.513229,116.994285,-90.006858,-15.513229,88.994285,-34.006858
84.75,-29.394786,116.999178,-90.000986,-14.394786,88.999178,-34.000986
85,-28.2859,116.999922,-90.000093,-13.2859,88.999922,-34.000093
85.25,-27.17858,116.999997,-90.000004,-12.17858,88.999997,-34.000004
85.5,-26.071429,117,-90,-11.071429,89,-34
85.75,-24.964286,117,-90,-9.964286,89,-34
86,-23.857143,117,-90,-8.857143,89,-34
86.25,-22.75,117,-90,-7.75,89,-34
86.5,-21.642857,117,-90,-6.642857,89,-34
86.75,-20.535714,117,-90,-5.535714,89,-34
87,-19.428571,117,-90,-4.428571,89,-34
87.25,-18.321429,117,-90,-3.321429,89,-34
87.5,-17.214286,117,-90,-2.214286,89,-34
87.75,-16.107143,117,-90,-1.107143,89,-34
88,-15,117,-90,0,89,-34
88.25,-13.892857,117,-90,1.107143,89,-34
88.5,-12.785714,117,-90,2.214286,89,-34
88.75,-11.678571,117,-90,3.321429,89,-34
89,-10.571429,117,-90,4.428571,89,-34
89.25,-9.464286,117,-90,5.535714,89,-34
89.5,-8.357143,117,-90,6.642857,89,-34
89.75,-7.25,117,-90,7.75,89,-34
90,-6.142857,117,-90,8.857143,89,-34
90.25,-5.035714,117,-90,9.964286,89,-34
90.5,-3.928571,117,-90,11.071429,89,-34
90.75,-2.821429,117,-90,12.178571,89,-34
91,-1.714286,117,-90,13.285714,89,-34
91.25,-0.607143,117,-90,14.392857,89,-34
91.5,0.5,117,-90,15.5,89,-34
91.75,1.607143,117,-90,16.607143,89,-34
92,2.714286,117,-90,17.714286,89,-34
92.25,3.821429,117,-90,18.821429,89,-34
92.5,4.928571,117,-90,19.928571,89,-34
92.75,6.035714,117,-90,21.035714,89,-34
93,7.142857,117,-90,22.142857,89,-34
93.25,8.25,117,-90,23.25,89,-34
93.5,9.357143,117,-90,24.357143,89,-34
93.75,10.464143,117.000003,-89.999996,25.464143,89.000003,-33.999996
94,11.569574,117.000078,-89.999907,26.569574,89.000078,-33.999907
94.25,12.66423,117.000822,-89.999014,27.66423,89.000822,-33.999014
94.5,13.709983,117.005715,-89.993142,28.709983,89.005715,-33.993142
94.75,14.606515,117.028535,-89.965758,29.606515,89.028535,-33.965758
95,15.188718,117.106675,-89.87199,30.188718,89.106675,-33.87199
95.25,15.289952,117.309744,-89.628307,30.289952,89.309744,-33.628307
95.5,14.80703,117.725236,-89.129717,29.80703,89.725236,-33.129717
95.75,13.696076,118.4209,-88.29492,28.696076,90.4209,-32.29492
96,11.951537,119.409425,-87.10869,26.951537,91.409425,-31.10869
96.25,9.6254,120.637741,-85.634711,24.6254,92.637741,-29.634711
96.5,6.853932,122,-84,21.853932,94,-28
96.75,3.853142,123.362259,-82.365289,18.853142,95.362259,-26.365289
97,0.882653,124.590575,-80.89131,15.882653,96.590575,-24.89131
97.25,-1.810711,125.5791,-79.70508,13.189289,97.5791,-23.70508
97.5,-4.05781,126.274764,-78.870283,10.94219,98.274764,-22.870283
97.75,-5.817595,126.690256,-78.371693,9.182405,98.690256,-22.371693
98,-7.177377,126.893325,-78.12801,7.822623,98.893325,-22.12801
98.25,-8.28937,126.971465,-78.034242,6.71063,98.971465,-22.034242
98.5,-9.287676,126.994285,-78.006858,5.712324,98.994285,-22.006858
98.75,-10.248205,126.999178,-78.000986,4.751795,98.999178,-22.000986
99,-11.199828,126.999922,-78.000093,3.800172,98.999922,-22.000093
99.25,-12.149992,126.999997,-78.000004,2.850008,98.999997,-22.000004
99.5,-13.1,127,-78,1.9,99,-22
99.75,-14.05,127,-78,0.95,99,-22
100,-15,127,-78,0,99,-22
100.25,-15.95,127,-78,-0.95,99,-22
100.5,-16.9,127,-78,-1.9,99,-22
100.75,-17.85,127,-78,-2.85,99,-22
101,-18.8,127,-78,-3.8,99,-22
101.25,-19.75,127,-78,-4.75,99,-22
101.5,-20.7,127,-78,-5.7,99,-22
101.75,-21.65,127,-78,-6.65,99,-22
102,-22.6,127,-78,-7.6,99,-22
102.25,-23.55,127,-78,-8.55,99,-22
102.5,-24.5,127,-78,-9.5,99,-22
102.75,-25.45,127,-78,-10.45,99,-22
103,-26.4,127,-78,-11.4,99,-22
103.25,-27.35,127,-78,-12.35,99,-22
103.5,-28.3,127,-78,-13.3,99,-22
103.75,-29.249879,126.999987,-78.000013,-14.249875,98.999989,-22.000018
104,-30.198442,126.999705,-78.000303,-15.198349,98.999751,-22.000412
104.25,-31.138063,126.996878,-78.003205,-16.137089,98.997371,-22.004355
104.5,-32.037706,126.978283,-78.022288,-17.030944,98.981712,-22.030289
104.75,-32.818416,126.891566,-78.111287,-17.784736,98.908687,-22.151237
105,-33.35973,126.594633,-78.416034,-18.234191,98.658639,-22.56538
105.25,-33.563674,125.822971,-79.208003,-18.200438,98.008818,-23.641646
105.5,-33.410809,124.244103,-80.82842,-17.563854,96.679245,-25.843751
105.75,-32.940417,121.60058,-83.54151,-16.28894,94.45312,-29.530769
106,-32.206142,117.844186,-87.396757,-14.42059,91.28984,-34.769952
106.25,-31.269557,113.176584,-92.18719,-12.088174,87.359229,-41.280028
106.5,-30.21203,108,-97.5,-9.5,83,-48.5
106.75,-29.133408,102.823416,-102.81281,-6.911708,78.640771,-55.719972
107,-28.136606,98.155814,-107.603243,-4.577907,74.71016,-62.230048
107.25,-27.306686,94.39942,-111.45849,-2.69971,71.54688,-67.469231
107.5,-26.690448,91.755897,-114.17158,-1.377948,69.320755,-71.156249
107.75,-26.284163,90.177029,-115.791997,-0.588514,67.991182,-73.358354
108,-26.039855,89.405367,-116.583966,-0.202683,67.341361,-74.43462
108.25,-25.891955,89.108434,-116.888713,-0.054217,67.091313,-74.848763
108.5,-25.78711,89.021761,-116.977712,-0.010858,67.018332,-74.969711
108.75,-25.696301,89.003841,-116.996795,-0.001561,67.003348,-74.995645
109,-25.608757,89.00629,-116.999697,-0.000148,67.006244,-74.999588
109.25,-25.521742,89.032791,-116.999987,-0.000006,67.032789,-74.999982
109.5,-25.434783,89.121284,-117,0,67.121284,-75
109.75,-25.347826,89.313705,-117,0,67.313705,-75
110,-25.26087,89.599226,-117,0,67.599226,-75
110.25,-25.173913,89.919546,-117,0,67.919546,-75
110.5,-25.086957,90.244013,-117,0,68.244013,-75
110.75,-25,90.566492,-117,0,68.566492,-75
111,-24.913043,90.862678,-117,0,68.862678,-75
111.25,-24.826087,91.137322,-117,0,69.137322,-75
111.5,-24.73913,91.433508,-117,0,69.433508,-75
111.75,-24.652174,91.756032,-117,0,69.756032,-75
112,-24.565217,92.081173,-117,0,70.081173,-75
112.25,-24.478261,92.406769,-117,0,70.406769,-75
112.5,-24.391304,92.719073,-117,0,70.719073,-75
112.75,-24.304348,93,-117,0,71,-75
113,-24.217391,93.280927,-117,0,71.280927,-75
113.25,-24.130435,93.593275,-117,0,71.593275,-75
113.5,-24.043478,93.919341,-117,0,71.919341,-75
113.75,-23.956522,94.247767,-117,0,72.247767,-75
114,-23.869565,94.58449,-117,0,72.58449,-75
114.25,-23.782609,94.917349,-117,0,72.917349,-75
114.5,-23.695652,95.243808,-117,0,73.243808,-75
114.75,-23.608696,95.566492,-117,0,73.566492,-75
115,-23.521739,95.862678,-117,0,73.862678,-75
115.25,-23.434783,96.137322,-117,0,74.137322,-75
115.5,-23.347826,96.433508,-117,0,74.433508,-75
115.75,-23.26087,96.756032,-117,0,74.756032,-75
116,-23.173913,97.081173,-117,0,75.081173,-75
116.25,-23.086957,97.406814,-117,0,75.406814,-75
116.5,-23,97.719747,-117,0,75.719747,-75
116.75,-22.913043,98.005276,-117,0,76.005276,-75
117,-22.826087,98.30771,-117,0,76.30771,-75
117.25,-22.73913,98.681781,-117,0,76.681781,-75
117.5,-22.652174,99.111762,-117,0,77.111762,-75
117.75,-22.565217,99.533288,-117,0,77.533288,-75
118,-22.478261,99.90481,-117,0,77.90481,-75
118.25,-22.391304,100.241816,-117,0,78.241816,-75
118.5,-22.304348,100.566288,-117,0,78.566288,-75
118.75,-22.217391,100.862678,-117,0,78.862678,-75
119,-22.130435,101.137322,-117,0,79.137322,-75
119.25,-22.043478,101.433508,-117,0,79.433508,-75
119.5,-21.956522,101.755987,-117,0,79.755987,-75
119.75,-21.869565,102.080499,-117,0,80.080499,-75
120,-21.782609,102.401493,-117,0,80.401493,-75
120.25,-21.695652,102.69229,-117,0,80.69229,-75
120.5,-21.608696,102.91145,-117,0,80.91145,-75
120.75,-21.521739,103.087832,-117,0,81.087832,-75
121,-21.434783,103.302434,-117,0,81.302434,-75
121.25,-21.347826,103.571768,-117,0,81.571768,-75
121.5,-21.26087,103.831465,-117,0,81.831465,-75
121.75,-21.173913,104.054672,-117,0,82.054672,-75
122,-21.086957,104.292974,-117,0,82.292974,-75
122.25,-21,104.564296,-117,0,82.564296,-75
122.5,-20.913043,104.798571,-117,0,82.798571,-75
122.75,-20.826087,104.934151,-117,0,82.934151,-75
123,-20.73913,104.985983,-117,0,82.985983,-75
123.25,-20.652174,105.003799,-117,0,83.003799,-75
123.5,-20.565217,105.032529,-117,0,83.032529,-75
123.75,-20.478261,105.120565,-117,0,83.120565,-75
124,-20.391304,105.30771,-117,0,83.30771,-75
124.25,-20.304348,105.566537,-117,0,83.566537,-75
124.5,-20.217391,105.799495,-117,0,83.799495,-75
124.75,-20.130435,105.940102,-117,0,83.940102,-75
125,-20.043478,106.017998,-117,0,84.017998,-75
125.25,-19.956522,106.118573,-117,0,84.118573,-75
125.5,-19.869565,106.309701,-117,0,84.309701,-75
125.75,-19.782609,106.581433,-117,0,84.581433,-75
126,-19.695652,106.86691,-117,0,84.86691,-75
126.25,-19.608696,107.150785,-117,0,85.150785,-75
126.5,-19.521739,107.49066,-117,0,85.49066,-75
126.75,-19.43482,107.924046,-116.999999,-0.000023,85.924044,-74.999998
127,-19.348578,108.433188,-116.999969,-0.000544,86.433135,-74.999961
127.25,-19.2684,108.96606,-116.999671,-0.005752,86.965496,-74.999589
127.5,-19.224388,109.431575,-116.997714,-0.040005,87.427666,-74.997143
127.75,-19.331703,109.723778,-116.988586,-0.199747,87.704342,-74.985732
128,-19.89428,109.77358,-116.95733,-0.746728,87.701275,-74.946662
128.25,-21.466299,109.53884,-116.876102,-2.168211,87.330124,-74.845128
128.5,-24.734691,108.96207,-116.709906,-5.076652,86.476761,-74.637382
128.75,-30.226148,107.988308,-116.43164,-9.946299,85.045048,-74.28955
129,-38.034594,106.622348,-116.03623,-16.865974,83.037102,-73.795288
129.25,-47.738165,104.954622,-115.544904,-25.464188,80.584447,-73.181129
129.5,-58.5,103.143932,-115,-35,77.919903,-72.5
129.75,-69.261845,101.380151,-114.455096,-44.535812,75.322372,-71.818871
130,-78.965544,99.843979,-113.96377,-53.134026,73.057652,-71.204712
130.25,-86.774891,98.669669,-113.56836,-60.053701,71.323579,-70.71045
130.5,-92.270636,97.915242,-113.290094,-64.923348,70.206073,-70.362618
130.75,-95.553019,97.550144,-113.123898,-67.831789,69.660762,-70.154872
131,-97.157264,97.473981,-113.04267,-69.253272,69.540355,-70.053338
131.25,-97.774572,97.56518,-113.011414,-69.800253,69.666173,-70.014268
131.5,-97.954852,97.729676,-113.002286,-69.959995,69.899863,-70.002857
131.75,-97.993508,97.917734,-113.000329,-69.994248,70.168238,-70.000411
132,-97.999386,98.111212,-113.000031,-69.999456,70.444592,-70.000039
132.25,-97.999973,98.30556,-113.000001,-69.999977,70.722229,-70.000002
132.5,-98,98.5,-113,-70,71,-70
132.75,-98,98.694444,-113,-70,71.277778,-70
133,-98,98.888889,-113,-70,71.555556,-70
133.25,-98,99.083333,-113,-70,71.833333,-70
133.5,-98,99.277778,-113,-70,72.111111,-70
133.75,-98,99.472222,-113,-70,72.388889,-70
134,-98,99.666667,-113,-70,72.666667,-70
134.25,-98,99.861111,-113,-70,72.944444,-70
134.5,-98,100.055556,-113,-70,73.222222,-70
134.75,-98,100.25,-113,-70,73.5,-70
135,-98,100.444444,-113,-70,73.777778,-70
135.25,-98,100.638889,-113,-70,74.055556,-70
135.5,-98,100.833333,-113,-70,74.333333,-70
135.75,-97.999976,101.027749,-113.000001,-69.999977,74.611072,-70.000001
136,-97.999448,101.221798,-113.000031,-69.999456,74.888356,-70.000023
136.25,-97.994166,101.413116,-113.000324,-69.994248,75.162366,-70.000242
136.5,-97.959424,101.590714,-113.002199,-69.959995,75.420657,-70.001628
136.75,-97.7974,101.720341,-113.010644,-69.800253,75.627056,-70.00779
137,-97.242605,101.729483,-113.038093,-69.253272,75.712088,-70.027425
137.25,-95.800814,101.512398,-113.105032,-67.831789,75.586809,-70.074057
137.5,-92.850825,100.964271,-113.232631,-64.923348,75.176737,-70.160108
137.75,-87.911611,100.027692,-113.428698,-60.053701,74.452967,-70.286608
138,-80.893084,98.727185,-113.673315,-53.134026,73.44988,-70.432372
138.25,-72.172038,97.171192,-113.92422,-44.535812,72.262504,-70.560446
138.5,-62.5,95.523227,-114.14239,-35,71.023227,-70.64239
138.75,-52.827962,93.965712,-114.295765,-25.464188,69.874389,-70.659539
139,-44.106916,92.655984,-114.35027,-16.865974,68.933156,-70.591212
139.25,-37.088389,91.697789,-114.283518,-9.946299,68.271519,-70.425608
139.5,-32.149175,91.148347,-114.082716,-5.076652,67.930776,-70.15524
139.75,-29.199186,90.994009,-113.752673,-2.168211,67.901086,-69.783648
140,-27.757395,91.131857,-113.347528,-0.746728,68.099854,-69.358195
140.25,-27.2026,91.434157,-112.934329,-0.199747,68.425596,-68.937182
140.5,-27.040576,91.805582,-112.549082,-0.040005,68.803867,-68.549653
140.75,-27.005834,92.191904,-112.203473,-0.005752,69.191658,-68.203556
141,-27.000552,92.566582,-111.890345,-0.000544,69.566559,-67.890353
141.25,-27.000024,92.915546,-111.598901,-0.000023,69.915545,-67.598901
141.5,-27,93.255833,-111.299074,0,70.255833,-67.299074
141.75,-27,93.617605,-110.925896,0,70.617605,-66.925896
142,-27,93.997804,-110.411052,0,70.997804,-66.411052
142.25,-27,94.36741,-109.654559,0,71.36741,-65.654559
142.5,-27,94.677554,-108.57483,0,71.677554,-64.57483
142.75,-27,94.877239,-107.37616,0,71.877239,-63.37616
143,-27,94.967062,-106.631435,0,71.967062,-62.631435
143.25,-27,94.994005,-106.786476,0,71.994005,-62.786476
143.5,-27,94.999281,-107.598561,0,71.999281,-63.598561
143.75,-27,94.999955,-108.399248,0,71.999955,-64.399248
144,-27,95,-108.826312,0,72,-64.826312
144.25,-27,95,-108.954986,0,72,-64.954986
144.5,-27,95,-108.916681,0,72,-64.916681
144.75,-27,95,-108.661001,0,72,-64.661001
145,-27,95.000205,-108.034335,0,72.000205,-64.034335
145.25,-27,95.002196,-107.134832,0,72.002196,-63.134832
145.5,-27,95.014736,-106.484376,0,72.014736,-62.484376
145.75,-27,95.065893,-106.42713,0,72.065893,-62.42713
146,-27,95.201269,-106.491097,0,72.201269,-62.491097
146.25,-27,95.434227,-105.937598,0,72.434227,-61.937598
146.5,-27,95.698285,-104.835082,0,72.698285,-60.835082
146.75,-27,95.912168,-103.967319,0,72.912168,-59.967319
147,-27,96.087876,-103.731378,0,73.087876,-59.731378
147.25,-27,96.302434,-103.71358,0,73.302434,-59.71358
147.5,-27,96.571768,-103.381332,0,73.571768,-59.381332
147.75,-27,96.831509,-102.766957,0,73.831509,-58.766957
148,-27,97.05539,-102.22137,0,74.05539,-58.22137
148.25,-27,97.298969,-101.801585,0,74.298969,-57.801585
148.5,-27,97.597234,-101.336816,0,74.597234,-57.336816
148.75,-27,97.921332,-100.811475,0,74.921332,-56.811475
149,-27,98.256552,-100.310561,0,75.256552,-56.310561
149.25,-27,98.617854,-99.845233,0,75.617854,-55.845233
149.5,-27,99,-99.407492,0,76,-55.407492
149.75,-27,99.38219,-98.987453,0,76.38219,-54.987453
150,-27,99.744167,-98.54879,0,76.744167,-54.54879
150.25,-27,100.084458,-98.090428,0,77.084458,-54.090428
150.5,-27,100.433348,-97.652696,0,77.433348,-53.652696
150.75,-27,100.807579,-97.266212,0,77.807579,-53.266212
151,-27,101.192421,-96.92576,0,78.192421,-52.92576
151.25,-27,101.566652,-96.599972,0,78.566652,-52.599972
151.5,-27,101.915542,-96.27308,0,78.915542,-52.27308
151.75,-27,102.255833,-95.933422,0,79.255833,-51.933422
152,-27,102.61781,-95.559615,0,79.61781,-51.559615
152.25,-27,103,-95.168082,0,80,-51.168082
152.5,-27,103.382146,-94.788206,0,80.382146,-50.788206
152.75,-27,103.743448,-94.406815,0,80.743448,-50.406815
153,-27,104.078463,-93.967053,0,81.078463,-49.967053
153.25,-27,104.40057,-93.406495,0,81.40057,-49.406495
153.5,-27,104.686295,-92.789457,0,81.686295,-48.789457
153.75,-27,104.878921,-92.319031,0,81.878921,-48.319031
154,-27,104.969418,-92.096996,0,81.969418,-48.096996
154.25,-27,105.008741,-92.042608,0,82.008741,-48.042608
154.5,-27,105.065379,-92.057172,0,82.065379,-48.057172
154.75,-27,105.203376,-92.049074,0,82.203376,-48.049074
155,-27,105.448244,-91.883658,0,82.448244,-47.883658
155.25,-27,105.758228,-91.539865,0,82.758228,-47.539865
155.5,-27,106.081378,-91.170238,0,83.081378,-47.170238
155.75,-27,106.406769,-90.840575,0,83.406769,-46.840575
156,-27,106.719233,-90.433839,0,83.719233,-46.433839
156.25,-27,107.001477,-89.894951,0,84.001477,-45.894951
156.5,-27,107.289668,-89.328367,0,84.289668,-45.328367
156.75,-27,107.626595,-88.831896,0,84.626595,-44.831896
157,-27,108.001477,-88.41726,0,85.001477,-44.41726
157.25,-27,108.38235,-88.062099,0,85.38235,-44.062099
157.5,-27,108.744167,-87.747638,0,85.744167,-43.747638
157.75,-27,109.084458,-87.451817,0,86.084458,-43.451817
158,-27,109.433348,-87.117175,0,86.433348,-43.117175
158.25,-27,109.807579,-86.692022,0,86.807579,-42.692022
158.5,-27,110.192421,-86.196311,0,87.192421,-42.196311
158.75,-27,110.566652,-85.693637,0,87.566652,-41.693637
159,-27,110.915542,-85.231371,0,87.915542,-41.231371
159.25,-27,111.255833,-84.815541,0,88.255833,-40.815541
159.5,-27,111.61781,-84.43489,0,88.61781,-40.43489
159.75,-27,112,-84.088346,0,89,-40.088346
160,-27,112.38219,-83.762119,0,89.38219,-39.762119
160.25,-27,112.744167,-83.436303,0,89.744167,-39.436303
160.5,-27,113.084458,-83.101808,0,90.084458,-39.101808
160.75,-27,113.433303,-82.725254,0,90.433303,-38.725254
161,-27,113.80686,-82.265884,0,90.80686,-38.265884
161.25,-27,114.186426,-81.710676,0,91.186426,-37.710676
161.5,-27,114.533714,-81.078495,0,91.533714,-37.078495
161.75,-27,114.792826,-80.484866,0,91.792826,-36.484866
162,-27,114.934107,-80.115402,0,91.934107,-36.115402
162.25,-27,114.991215,-80.039762,0,91.991215,-36.039762
162.5,-27,115.030537,-80.137187,0,92.030537,-36.137187
162.75,-27,115.120565,-80.186388,0,92.120565,-36.186388
163,-27,115.309906,-79.984265,0,92.309906,-35.984265
163.25,-27,115.581228,-79.495901,0,92.581228,-35.495901
163.5,-27,115.864874,-78.936985,0,92.864874,-34.936985
163.75,-27,116.137527,-78.57108,0,93.137527,-34.57108
164,-27,116.433508,-78.386856,0,93.433508,-34.386856
164.25,-27,116.756192,-78.153784,0,93.756192,-34.153784
164.5,-27,117.082651,-77.760169,0,94.082651,-33.760169
164.75,-27,117.415555,-77.290661,0,94.415555,-33.290661
165,-27,117.752907,-76.857277,0,94.752907,-32.857277
165.25,-27,118.085935,-76.493303,0,95.085935,-32.493303
165.5,-27,118.433508,-76.144261,0,95.433508,-32.144261
165.75,-27,118.807579,-75.748189,0,95.807579,-31.748189
166,-27,119.192421,-75.302957,0,96.192421,-31.302957
166.25,-27,119.566652,-74.826622,0,96.566652,-30.826622
166.5,-27,119.915542,-74.337856,0,96.915542,-30.337856
166.75,-27,120.255833,-73.870213,0,97.255833,-29.870213
167,-27,120.61781,-73.452887,0,97.61781,-29.452887
167.25,-27,121,-73.092145,0,98,-29.092145
167.5,-27,121.38219,-72.762634,0,98.38219,-28.762634
167.75,-27,121.744167,-72.436392,0,98.744167,-28.436392
168,-27,122.084458,-72.102687,0,99.084458,-28.102687
168.25,-27,122.433348,-71.732957,0,99.433348,-27.732957
168.5,-27,122.807579,-71.308876,0,99.807579,-27.308876
168.75,-27,123.192421,-70.869305,0,100.192421,-26.869305
169,-27,123.566448,-70.461909,0,100.566448,-26.461909
169.25,-27,123.913346,-70.058908,0,100.913346,-26.058908
169.5,-27,124.241098,-69.511228,0,101.241098,-25.511228
169.75,-27,124.551712,-68.711714,0,101.551712,-24.711714
170,-27,124.79658,-67.877401,0,101.79658,-23.877401
170.25,-27,124.933902,-67.404639,0,101.933902,-23.404639
170.5,-27,124.985264,-67.36917,0,101.985264,-23.36917
170.75,-27,124.998009,-67.452438,0,101.998009,-23.452438
171,-27,125.001991,-67.364011,0,102.001991,-23.364011
171.25,-27,125.01494,-67.129447,0,102.01494,-23.129447
171.5,-27,125.068089,-66.994128,0,102.068089,-22.994128
171.75,-27.000021,125.215946,-67.091953,-0.000017,102.215946,-23.091952
172,-27.000497,125.499082,-67.252613,-0.000396,102.49909,-23.252598
172.25,-27.005259,125.890145,-67.224052,-0.004191,102.890227,-23.223888
172.5,-27.036576,126.289512,-66.902674,-0.029146,103.290083,-22.901531
172.75,-27.182625,126.542563,-66.376862,-0.14553,103.545416,-22.371155
173,-27.682723,126.436071,-65.995881,-0.544045,103.446739,-21.974546
173.25,-28.982364,125.696625,-66.226701,-1.579697,102.727599,-22.164752
173.5,-31.64151,124.02098,-67.378842,-3.698703,101.093504,-23.233794
173.75,-36.093759,121.177726,-69.556524,-7.246589,98.319816,-25.272344
174,-42.420319,117.144316,-72.711217,-12.288067,94.385258,-28.229332
174.25,-50.281543,112.172133,-76.640816,-18.55248,89.535907,-31.913268
174.5,-59,106.729491,-81,-25.5,84.229491,-36
174.75,-67.718457,101.357289,-85.359229,-32.44752,78.993515,-40.086777
175,-75.579681,96.540074,-89.28984,-38.711933,74.299131,-43.771725
175.25,-81.906241,92.65061,-92.45312,-43.753411,70.50852,-46.7373
175.5,-86.35849,89.899134,-94.679245,-47.301297,67.82661,-48.824292
175.75,-89.017636,88.270517,-96.008818,-49.420303,66.239543,-50.070767
176,-90.317277,87.547152,-96.658639,-50.455955,65.536484,-50.679974
176.25,-90.817375,87.421851,-96.908687,-50.85447,65.418997,-50.914394
176.5,-90.963424,87.589352,-96.981712,-50.970854,65.588781,-50.982855
176.75,-90.994741,87.802267,-96.997371,-50.995809,65.802185,-50.997535
177,-90.999503,87.936614,-96.999751,-50.999604,65.936606,-50.999767
177.25,-90.999979,88.000013,-96.999989,-50.999983,66.000013,-50.99999
177.5,-91,88.063697,-97,-51,66.063697,-51
177.75,-91,88.201019,-97,-51,66.201019,-51
178,-91,88.433508,-97,-51,66.433508,-51
178.25,-91,88.692335,-97,-51,66.692335,-51
178.5,-91,88.880154,-97,-51,66.880154,-51
178.75,-91,88.973262,-97,-51,66.973262,-51
179,-91,89.026738,-97,-51,67.026738,-51
179.25,-91,89.119846,-97,-51,67.119846,-51
179.5,-91,89.307665,-97,-51,67.307665,-51
179.75,-91,89.566492,-97,-51,67.566492,-51
180,-91,89.798981,-97,-51,67.798981,-51
180.25,-91,89.936303,-97,-51,67.936303,-51
180.5,-91,90,-97,-51,68,-51
180.75,-91,90.063697,-97,-51,68.063697,-51
181,-91,90.201019,-97,-51,68.201019,-51
181.25,-91,90.433508,-97,-51,68.433508,-51
181.5,-91,90.692335,-97,-51,68.692335,-51
181.75,-91,90.880154,-97,-51,68.880154,-51
182,-91,90.973262,-97,-51,68.973262,-51
182.25,-91,91.026738,-97,-51,69.026738,-51
182.5,-91,91.119846,-97,-51,69.119846,-51
182.75,-91,91.307665,-97,-51,69.307665,-51
183,-91,91.566492,-97,-51,69.566492,-51
183.25,-91,91.798981,-97,-51,69.798981,-51
183.5,-91,91.936303,-97,-51,69.936303,-51
183.75,-91,92,-97,-51,70,-51
184,-91,92.063697,-97,-51,70.063697,-51
184.25,-91,92.201019,-97,-51,70.201019,-51
184.5,-91,92.433508,-97,-51,70.433508,-51
184.75,-91,92.692335,-97,-51,70.692335,-51
185,-91,92.880154,-97,-51,70.880154,-51
185.25,-91,92.973262,-97,-51,70.973262,-51
185.5,-91,93.026738,-97,-51,71.026738,-51
185.75,-91,93.119846,-97,-51,71.119846,-51
186,-91,93.307665,-97,-51,71.307665,-51
186.25,-91,93.566492,-97,-51,71.566492,-51
186.5,-91,93.798981,-97,-51,71.798981,-51
186.75,-91,93.936303,-97,-51,71.936303,-51
187,-91,94,-97,-51,72,-51
187.25,-91,94.063697,-97,-51,72.063697,-51
187.5,-91,94.201019,-97,-51,72.201019,-51
187.75,-91,94.433508,-97,-51,72.433508,-51
188,-91,94.692335,-97,-51,72.692335,-51
188.25,-91,94.880154,-97,-51,72.880154,-51
188.5,-91,94.973262,-97,-51,72.973262,-51
188.75,-91,95.026738,-97,-51,73.026738,-51
189,-91,95.119846,-97,-51,73.119846,-51
189.25,-91,95.307665,-97,-51,73.307665,-51
189.5,-91,95.566537,-97,-51,73.566537,-51
189.75,-91,95.799495,-97,-51,73.799495,-51
190,-91,95.940102,-97,-51,73.940102,-51
190.25,-91,96.017998,-97,-51,74.017998,-51
190.5,-91,96.118369,-97,-51,74.118369,-51
190.75,-91,96.307505,-97,-51,74.307505,-51
191,-91,96.566492,-97,-51,74.566492,-51
191.25,-91,96.798981,-97,-51,74.798981,-51
191.5,-91,96.936303,-97,-51,74.936303,-51
191.75,-91,97,-97,-51,75,-51
192,-91,97.063697,-97,-51,75.063697,-51
192.25,-91,97.201064,-97,-51,75.201064,-51
192.5,-91,97.434227,-97,-51,75.434227,-51
192.75,-91,97.698285,-97,-51,75.698285,-51
193,-91,97.912168,-97,-51,75.912168,-51
193.25,-91,98.087876,-97,-51,76.087876,-51
193.5,-91,98.302434,-97,-51,76.302434,-51
193.75,-91,98.571768,-97,-51,76.571768,-51
194,-91,98.831465,-97,-51,76.831465,-51
194.25,-91,99.054672,-97,-51,77.054672,-51
194.5,-91,99.293179,-97,-51,77.293179,-51
194.75,-91,99.566492,-97,-51,77.566492,-51
195,-91,99.813307,-97,-51,77.813307,-51
195.25,-91,100,-97,-51,78,-51
195.5,-91,100.186693,-97,-51,78.186693,-51
195.75,-91,100.433552,-97,-51,78.433552,-51
196,-91,100.70754,-97,-51,78.70754,-51
196.25,-91,100.951528,-97,-51,78.951528,-51
196.5,-91,101.203625,-97,-51,79.203625,-51
196.75,-91,101.565054,-97,-51,79.565054,-51
197,-91,102.080629,-97,-51,80.080629,-51
197.25,-91,102.7192,-97,-51,80.7192,-51
197.5,-91,103.435909,-97,-51,81.435909,-51
197.75,-91,104.191451,-97,-51,82.191451,-51
198,-91,104.945328,-97,-51,82.945328,-51
198.25,-91,105.68427,-97,-51,83.68427,-51
198.5,-91,106.429549,-97,-51,84.429549,-51
198.75,-91,107.189255,-97,-51,85.189255,-51
199,-91,107.936543,-97,-51,85.936543,-51
199.25,-91,108.65111,-97,-51,86.65111,-51
199.5,-91,109.34889,-97,-51,87.34889,-51
199.75,-91,110.063457,-97,-51,88.063457,-51
200,-91,110.810745,-97,-51,88.810745,-51
200.25,-91,111.570451,-97,-51,89.570451,-51
200.5,-91,112.31573,-97,-51,90.31573,-51
200.75,-91,113.054716,-97,-51,91.054716,-51
201,-91,113.809268,-97,-51,91.809268,-51
201.25,-91,114.570291,-97,-51,92.570291,-51
201.5,-91,115.31573,-97,-51,93.31573,-51
201.75,-91,116.054716,-97,-51,94.054716,-51
202,-91,116.809268,-97,-51,94.809268,-51
202.25,-91,117.570291,-97,-51,95.570291,-51
202.5,-91,118.31573,-97,-51,96.31573,-51
202.75,-91,119.054672,-97,-51,97.054672,-51
203,-91,119.808754,-97,-51,97.808754,-51
203.25,-91,120.566492,-97,-51,98.566492,-51
203.5,-91,121.297732,-97,-51,99.297732,-51
203.75,-91,122,-97,-51,100,-51
204,-91,122.702268,-97,-51,100.702268,-51
204.25,-91,123.433508,-97,-51,101.433508,-51
204.5,-91,124.191246,-97,-51,102.191246,-51
204.75,-91,124.945328,-97,-51,102.945328,-51
205,-91,125.68427,-97,-51,103.68427,-51
205.25,-91,126.429709,-97,-51,104.429709,-51
205.5,-91,127.190732,-97,-51,105.190732,-51
205.75,-91,127.945533,-97,-51,105.945533,-51
206,-91,128.68723,-97,-51,106.68723,-51
206.25,-91,129.451203,-97,-51,107.451203,-51
206.5,-91,130.296233,-97,-51,108.296233,-51
206.75,-90.999988,131.307261,-97.000001,-50.999998,109.307261,-51.000003
207,-90.999721,132.586934,-97.000023,-50.999955,110.586934,-51.00007
207.25,-90.996996,134.143417,-97.000247,-50.999461,112.143417,-51.00074
207.5,-90.978733,135.778253,-97.001714,-50.995878,113.778253,-51.005143
207.75,-90.891727,137.113699,-97.008561,-50.977333,115.113699,-51.025682
208,-90.585968,137.715526,-97.032003,-50.905995,115.715526,-51.096008
208.25,-89.76564,137.208236,-97.092923,-50.694873,115.208236,-51.27877
208.5,-88.021391,135.317192,-97.217571,-50.197099,113.317192,-51.652712
208.75,-84.966074,131.886341,-97.42627,-49.228774,109.886341,-52.27881
209,-80.395344,126.951908,-97.722827,-47.623619,104.951908,-53.168482
209.25,-74.381088,120.81125,-98.091322,-45.294311,98.81125,-54.273967
209.5,-67.27458,114,-98.5,-42.27458,92,-55.5
209.75,-59.641719,107.188705,-98.908678,-38.728496,85.188705,-56.726033
210,-52.151315,101.047124,-99.277173,-34.92304,79.047124,-57.831518
210.25,-45.427824,96.104499,-99.57373,-31.165125,74.104499,-58.72119
210.5,-39.888566,92.62618,-99.782429,-27.712858,70.62618,-59.347288
210.75,-35.62092,90.548722,-99.907077,-24.691687,68.548722,-59.72123
211,-32.387504,89.533377,-99.967997,-22.067477,67.533377,-59.903992
211.25,-29.791134,89.142676,-99.991439,-19.705528,67.142676,-59.974318
211.5,-27.48596,89.028575,-99.998286,-17.468815,67.028575,-59.994857
211.75,-25.277298,89.004109,-99.999753,-15.274833,67.004109,-59.99926
212,-23.091347,89.000389,-99.999977,-13.091114,67.000389,-59.99993
212.25,-20.90911,89.000017,-99.999999,-10.9091,67.000017,-59.999997
212.5,-18.727273,89,-100,-8.727273,67,-60
212.75,-16.545455,89,-100,-6.545455,67,-60
213,-14.363636,89,-100,-4.363636,67,-60
213.25,-12.181818,89,-100,-2.181818,67,-60
213.5,-10,89,-100,0,67,-60
213.75,-7.818182,89,-100,2.181818,67,-60
214,-5.636364,89,-100,4.363636,67,-60
214.25,-3.454545,89,-100,6.545455,67,-60
214.5,-1.272727,89,-100,8.727273,67,-60
214.75,0.909091,89,-100,10.909091,67,-60
215,3.090909,89,-100,13.090909,67,-60
215.25,5.272727,89,-100,15.272727,67,-60
215.5,7.454545,89,-100,17.454545,67,-60
215.75,9.636364,89,-100,19.636364,67,-60
216,11.818182,89,-100,21.818182,67,-60
216.25,14,89,-100,24,67,-60
216.5,16.181818,89,-100,26.181818,67,-60
216.75,18.363636,89,-100,28.363636,67,-60
217,20.545455,89,-100,30.545455,67,-60
217.25,22.727273,89,-100,32.727273,67,-60
217.5,24.909091,89,-100,34.909091,67,-60
217.75,27.090633,89.000003,-99.999996,37.090633,67.000003,-59.999996
218,29.269162,89.000078,-99.999907,39.269162,67.000078,-59.999907
218.25,31.427224,89.000822,-99.999014,41.427224,67.000822,-59.999014
218.5,33.493639,89.005715,-99.993142,43.493639,67.005715,-59.993142
218.75,35.286306,89.028535,-99.965758,45.286306,67.028535,-59.965758
219,36.52185,89.106675,-99.87199,46.52185,67.106675,-59.87199
219.25,36.949084,89.309744,-99.628307,46.949084,67.309744,-59.628307
219.5,36.459504,89.725236,-99.129717,46.459504,67.725236,-59.129717
219.75,35.035977,90.4209,-98.29492,45.035977,68.4209,-58.29492
220,32.672814,91.409425,-97.10869,42.672814,69.409425,-57.10869
220.25,29.404602,92.637741,-95.634711,39.404602,70.637741,-55.634711
220.5,25.376698,94,-94,35.376698,72,-54
220.75,20.866032,95.362259,-92.365289,30.866032,73.362259,-52.365289
221,16.241505,96.590575,-90.89131,26.241505,74.590575,-50.89131
221.25,11.882363,97.5791,-89.70508,21.882363,75.5791,-49.70508
221.5,8.074297,98.274764,-88.870283,18.074297,76.274764,-48.870283
221.75,4.92056,98.690256,-88.371693,14.92056,76.690256,-48.371693
222,2.327196,98.893325,-88.12801,12.327196,76.893325,-48.12801
222.25,0.089796,98.971465,-88.034242,10.089796,76.971465,-48.034242
222.5,-1.981634,98.994285,-88.006858,8.018366,76.994285,-48.006858
222.75,-3.99731,98.999178,-88.000986,6.00269,76.999178,-48.000986
223,-5.99974,98.999922,-88.000093,4.00026,76.999922,-48.000093
223.25,-7.999988,98.999997,-88.000004,2.000012,76.999997,-48.000004
223.5,-10,99,-88,0,77,-48
223.75,-12,99,-88,-2,77,-48
224,-14,99,-88,-4,77,-48
224.25,-16,99,-88,-6,77,-48
224.5,-18,99,-88,-8,77,-48
224.75,-20,99,-88,-10,77,-48
225,-22,99,-88,-12,77,-48
225.25,-24,99,-88,-14,77,-48
225.5,-26,99,-88,-16,77,-48
225.75,-28,99,-88,-18,77,-48
226,-30,99,-88,-20,77,-48
226.25,-32,99,-88,-22,77,-48
226.5,-34,99,-88,-24,77,-48
226.75,-35.999746,99.000003,-87.999996,-25.999746,77.000003,-47.999996
227,-37.996725,99.000078,-87.999907,-27.996725,77.000078,-47.999907
227.25,-39.974889,99.000822,-87.999014,-29.974889,77.000822,-47.999014
227.5,-41.868729,99.005715,-87.993142,-31.868729,77.005715,-47.993142
227.75,-43.510364,99.028535,-87.965758,-33.510364,77.028535,-47.965758
228,-44.637745,99.106675,-87.87199,-34.637745,77.106675,-47.87199
228.25,-45.017265,99.309744,-87.628307,-35.017265,77.309744,-47.628307
228.5,-44.547293,99.725236,-87.129717,-34.547293,77.725236,-47.129717
228.75,-43.214274,100.4209,-86.29492,-33.214274,78.4209,-46.29492
229,-41.020591,101.409425,-85.10869,-31.020591,79.409425,-45.10869
229.25,-38.008887,102.637741,-83.634711,-28.008887,80.637741,-43.634711
229.5,-34.322884,104,-82,-24.322884,82,-42
229.75,-30.223068,105.362259,-80.365289,-20.223068,83.362259,-40.365289
230,-26.04862,106.590575,-78.89131,-16.04862,84.590575,-38.89131
230.25,-22.142751,107.5791,-77.70508,-12.142751,85.5791,-37.70508
230.5,-18.759438,108.274764,-76.870283,-8.759438,86.274764,-36.870283
230.75,-15.985008,108.690256,-76.371693,-5.985008,86.690256,-36.371693
231,-13.727312,108.893325,-76.12801,-3.727312,86.893325,-36.12801
231.25,-11.796145,108.971465,-76.034242,-1.796145,86.971465,-36.034242
231.5,-10.016722,108.994285,-76.006858,-0.016722,86.994285,-36.006858
231.75,-8.288161,108.999178,-76.000986,1.711839,86.999178,-36.000986
232,-6.571664,108.999922,-76.000093,3.428336,86.999922,-36.000093
232.25,-4.857153,108.999997,-76.000004,5.142847,86.999997,-36.000004
232.5,-3.142857,109,-76,6.857143,87,-36
232.75,-1.428571,109,-76,8.571429,87,-36
233,0.285714,109,-76,10.285714,87,-36
233.25,2,109,-76,12,87,-36
233.5,3.714286,109,-76,13.714286,87,-36
233.75,5.428353,109.000003,-75.999996,15.428353,87.000003,-35.999996
234,7.140042,109.000078,-75.999907,17.140042,87.000078,-35.999907
234.25,8.835541,109.000822,-75.999014,18.835541,87.000822,-35.999014
234.5,10.458449,109.005715,-75.993142,20.458449,87.005715,-35.993142
234.75,11.864169,109.028535,-75.965758,21.864169,87.028535,-35.965758
235,12.827405,109.106675,-75.87199,22.827405,87.106675,-35.87199
235.25,13.150209,109.309744,-75.628307,23.150209,87.309744,-35.628307
235.5,12.756422,109.725236,-75.129717,22.756422,87.725236,-35.129717
235.75,11.658001,110.4209,-74.29492,21.658001,88.4209,-34.29492
236,9.889766,111.409425,-73.10869,19.889766,89.409425,-33.10869
236.25,7.519579,112.637741,-71.634711,17.519579,90.637741,-31.634711
236.5,4.688349,114,-70,14.688349,92,-30
236.75,1.61566,115.362259,-68.365289,11.61566,93.362259,-28.365289
237,-1.433593,116.590575,-66.89131,8.566407,94.590575,-26.89131
237.25,-4.206278,117.5791,-65.70508,5.793722,95.5791,-25.70508
237.5,-6.52771,118.274764,-64.870283,3.47229,96.274764,-24.870283
237.75,-8.353873,118.690256,-64.371693,1.646127,96.690256,-24.371693
238,-9.772397,118.893325,-64.12801,0.227603,96.893325,-24.12801
238.25,-10.937981,118.971465,-64.034242,-0.937981,96.971465,-24.034242
238.5,-11.987388,118.994285,-64.006858,-1.987388,96.994285,-24.006858
238.75,-12.998162,118.999178,-64.000986,-2.998162,96.999178,-24.000986
239,-13.999824,118.999922,-64.000093,-3.999824,96.999922,-24.000093
239.25,-14.999992,118.999997,-64.000004,-4.999992,96.999997,-24.000004
239.5,-16,119,-64,-6,97,-24
239.75,-16.999889,119.000003,-64.000001,-6.999882,97.000004,-23.999999
240,-17.998729,119.00007,-64.000031,-7.998581,97.000105,-23.999984
240.25,-18.991339,119.00074,-64.000329,-8.989778,97.001118,-23.999836
240.5,-19.961599,119.005143,-64.002286,-9.950741,97.007843,-23.998857
240.75,-20.891986,119.025682,-64.011414,-10.837769,97.03952,-23.994293
241,-21.833938,119.096008,-64.04267,-11.631254,97.149335,-23.978665
241.25,-23.016823,119.27877,-64.123898,-12.428308,97.43914,-23.938051
241.5,-24.839683,119.652712,-64.290094,-13.461735,98.04341,-23.854953
241.75,-27.671652,120.27881,-64.56836,-14.971942,99.078334,-23.71582
242,-31.636117,121.168482,-64.96377,-17.05821,100.588332,-23.518115
242.25,-36.55084,122.273967,-65.455096,-19.639132,102.522158,-23.272452
242.5,-42,123.5,-66,-22.5,104.741869,-23
242.75,-47.449036,124.726033,-66.544904,-25.360744,107.052047,-22.727548
243,-52.362301,125.831518,-67.03623,-27.940208,109.239586,-22.481885
243.25,-56.3164,126.72119,-67.43164,-30.01611,111.11959,-22.28418
243.5,-59.099056,127.347288,-67.709906,-31.477004,112.581441,-22.145047
243.75,-60.761022,127.72123,-67.876102,-32.349537,113.61942,-22.061949
244,-61.573298,127.903992,-67.95733,-32.775982,114.323975,-22.021335
244.25,-61.885859,127.974318,-67.988586,-32.940076,114.827488,-22.005707
244.5,-61.97714,127.994857,-67.997714,-32.987999,115.240413,-22.001143
244.75,-61.996713,127.99926,-67.999671,-32.998274,115.623612,-22.000164
245,-61.999689,127.99993,-67.999969,-32.999837,115.999868,-22.000016
245.25,-61.999987,127.999997,-67.999999,-32.999993,116.374994,-22.000001
245.5,-62,128,-68,-33,116.75,-22
245.75,-62,128,-68,-33,117.125,-22
246,-62,128,-68,-33,117.5,-22
246.25,-62,128,-68,-33,117.875,-22
246.5,-62,128,-68,-33,118.25,-22
246.75,-62,128,-68,-33,118.625,-22
247,-62,128,-68,-33,119,-22
247.25,-62,128,-68,-33,119.375,-22
247.5,-62,128,-68,-33,119.75,-22
247.75,-61.999995,127.999994,-68.000003,-32.999989,120.124944,-21.999999
248,-61.999883,127.99986,-68.00007,-32.999744,120.499197,-21.999969
248.25,-61.998767,127.998521,-68.00074,-32.997288,120.868301,-21.999671
248.5,-61.991428,127.989713,-68.005143,-32.981141,121.211597,-21.997714
248.75,-61.957197,127.948696,-68.025682,-32.905834,121.464706,-21.988586
249,-61.839987,127.808659,-68.096008,-32.647971,121.490365,-21.95733
249.25,-61.535383,127.447185,-68.27877,-31.977843,121.085107,-21.876102
249.5,-60.912146,126.71687,-68.652712,-30.606721,120.041185,-21.709906
249.75,-59.86865,125.515713,-69.27881,-28.31103,118.232423,-21.43164
250,-58.385863,123.83812,-70.168482,-25.048898,115.669044,-21.03623
250.25,-56.543388,121.772614,-71.273967,-20.995454,112.4986,-20.544904
250.5,-54.500257,119.480934,-72.5,-16.500257,108.980934,-20
250.75,-52.460757,117.179261,-73.726033,-12.00869,105.453228,-19.455096
251,-50.648706,115.10093,-74.831518,-7.98567,102.269412,-18.96377
251.25,-49.320099,113.448126,-75.72119,-4.877719,99.726936,-18.56836
251.5,-48.783065,112.353457,-76.347288,-3.08849,98.006169,-18.290094
251.75,-49.238958,111.834275,-76.72123,-2.796498,97.113045,-18.123898
252,-50.426567,111.74784,-76.903992,-3.618583,96.843848,-18.04267
252.25,-51.64877,111.847286,-76.974318,-4.700133,96.872968,-18.011414
252.5,-52.394895,111.943822,-76.994857,-5.405181,96.948966,-18.002286
252.75,-52.682543,111.986661,-76.99926,-5.684022,96.987401,-18.000329
253,-52.754583,111.998141,-76.99993,-5.754723,96.998211,-18.000031
253.25,-52.774211,112.001997,-76.999997,-5.774217,97.002,-18.000001
253.5,-52.827373,112.014736,-77,-5.827373,97.014736,-18
253.75,-53.039464,112.065893,-77,-6.039464,97.065893,-18
254,-53.600523,112.201224,-77,-6.600523,97.201224,-18
254.25,-54.563532,112.433508,-77,-7.563532,97.433508,-18
254.5,-55.636401,112.69229,-77,-8.636401,97.69229,-18
254.75,-56.412272,112.879435,-77,-9.412272,97.879435,-18
255,-56.776407,112.967267,-77,-9.776407,97.967267,-18
255.25,-56.88726,112.994005,-77,-9.88726,97.994005,-18
255.5,-56.909134,112.999281,-77,-9.909134,97.999281,-18
255.75,-56.912499,113.00016,-77,-9.912499,98.00016,-18
256,-56.918233,113.002196,-77,-9.918233,98.002196,-18
256.25,-56.953172,113.014736,-77,-9.953172,98.014736,-18
256.5,-57.095713,113.065893,-77,-10.095713,98.065893,-18
256.75,-57.472787,113.201224,-77,-10.472787,98.201224,-18
257,-58.120001,113.433508,-77,-11.120001,98.433508,-18
257.25,-58.84105,113.69229,-77,-11.84105,98.69229,-18
257.5,-59.362494,113.879435,-77,-12.362494,98.879435,-18
257.75,-59.60722,113.967267,-77,-12.60722,98.967267,-18
258,-59.681721,113.994005,-77,-12.681721,98.994005,-18
258.25,-59.696422,113.999281,-77,-12.696422,98.999281,-18
258.5,-59.698301,113.999955,-77,-12.698301,98.999955,-18
258.75,-59.698524,114.000045,-77,-12.698524,99.000045,-18
259,-59.700013,114.000719,-77,-12.700013,99.000719,-18
259.25,-59.711672,114.005995,-77,-12.711672,99.005995,-18
259.5,-59.770753,114.032733,-77,-12.770753,99.032733,-18
259.75,-59.964828,114.120565,-77,-12.964828,99.120565,-18
260,-60.378349,114.30771,-77,-13.378349,99.30771,-18
260.25,-60.950161,114.566492,-77,-13.950161,99.566492,-18
260.5,-61.463422,114.798776,-77,-14.463422,99.798776,-18
260.75,-61.762535,114.934151,-77,-14.762535,99.934151,-18
261,-61.87683,114.985983,-77,-14.87683,99.985983,-18
261.25,-61.914364,115.003799,-77,-14.914364,100.003799,-18
261.5,-61.968564,115.032529,-77,-14.968564,100.032529,-18
261.75,-62.132599,115.120565,-77,-15.132599,100.120565,-18
262,-62.481148,115.30771,-77,-15.481148,100.30771,-18
262.25,-62.96312,115.566492,-77,-15.96312,100.566492,-18
262.5,-63.395811,115.798821,-77,-16.395811,100.798821,-18
262.75,-63.648952,115.934826,-77,-16.648952,100.934826,-18
263,-63.752783,115.991259,-77,-16.752783,100.991259,-18
263.25,-63.819482,116.030537,-77,-16.819482,101.030537,-18
263.5,-63.965572,116.12036,-77,-16.965572,101.12036,-18
263.75,-64.269622,116.307914,-77,-17.269622,101.307914,-18
264,-64.69199,116.568688,-77,-17.69199,101.568688,-18
264.25,-65.086581,116.813512,-77,-18.086581,101.813512,-18
264.5,-65.379575,117,-77,-18.379575,102,-18
264.75,-65.657239,117.186488,-77,-18.657239,102.186488,-18
265,-66.011871,117.431356,-77,-19.011871,102.431356,-18
265.25,-66.388349,117.692804,-77,-19.388349,102.692804,-18
265.5,-66.664802,117.88543,-77,-19.664802,102.88543,-18
265.75,-66.82579,118,-77,-19.82579,103,-18
266,-66.977928,118.11457,-77,-19.977928,103.11457,-18
266.25,-67.227704,118.306991,-77,-20.227704,103.306991,-18
266.5,-67.563805,118.566652,-77,-20.563805,103.566652,-18
266.75,-67.866806,118.800972,-77,-20.866806,103.800972,-18
267,-68.056665,118.948843,-77,-21.056665,103.948843,-18
267.25,-68.18295,119.051157,-77,-21.18295,104.051157,-18
267.5,-68.35812,119.199028,-77,-21.35812,104.199028,-18
267.75,-68.633508,119.433303,-77,-21.633508,104.433303,-18
268,-68.937926,119.692495,-77,-21.937926,104.692495,-18
268.25,-69.159859,119.881631,-77,-22.159859,104.881631,-18
268.5,-69.276469,119.982002,-77,-22.276469,104.982002,-18
268.75,-69.362758,120.059898,-77,-22.362758,105.059898,-18
269,-69.51415,120.200505,-77,-22.51415,105.200505,-18
269.25,-69.7642,120.433508,-77,-22.7642,105.433508,-18
269.5,-70.042561,120.693009,-77,-23.042561,105.693009,-18
269.75,-70.248542,120.88543,-77,-23.248542,105.88543,-18
270,-70.369106,121,-77,-23.369106,106,-18
270.25,-70.484284,121.11457,-77,-23.484284,106.11457,-18
270.5,-70.674232,121.306991,-77,-23.674232,106.306991,-18
270.75,-70.929828,121.566492,-77,-23.929828,106.566492,-18
271,-71.159224,121.799495,-77,-24.159224,106.799495,-18
271.25,-71.297273,121.940102,-77,-24.297273,106.940102,-18
271.5,-71.371898,122.017998,-77,-24.371898,107.017998,-18
271.75,-71.4639,122.118369,-77,-24.4639,107.118369,-18
272,-71.635751,122.30771,-77,-24.635751,107.30771,-18
272.25,-71.872306,122.568688,-77,-24.872306,107.568688,-18
272.5,-72.093459,122.813512,-77,-25.093459,107.813512,-18
272.75,-72.259015,123,-77,-25.259015,108,-18
273,-72.418861,123.186693,-77,-25.418861,108.186693,-18
273.25,-72.626232,123.433508,-77,-25.626232,108.433508,-18
273.5,-72.854384,123.706821,-77,-25.854384,108.706821,-18
273.75,-73.050832,123.945328,-77,-26.050832,108.945328,-18
274,-73.229131,124.168535,-77,-26.229131,109.168535,-18
274.25,-73.431773,124.428232,-77,-26.431773,109.428232,-18
274.5,-73.64025,124.697566,-77,-26.64025,109.697566,-18
274.75,-73.8048,124.912124,-77,-26.8048,109.912124,-18
275,-73.935842,125.088036,-77,-26.935842,110.088036,-18
275.25,-74.09186,125.303911,-77,-27.09186,110.303911,-18
275.5,-74.289553,125.580509,-77,-27.289553,110.580509,-18
275.75,-74.490324,125.864669,-77,-27.490324,110.864669,-18
276,-74.67734,126.13605,-77,-27.67734,111.13605,-18
276.25,-74.871106,126.424767,-77,-27.871106,111.424767,-18
276.5,-75.067927,126.722827,-77,-28.067927,111.722827,-18
276.75,-75.247192,126.99984,-77,-28.247192,111.99984,-18
277,-75.420587,127.275695,-77,-28.420587,112.275695,-18
277.25,-75.599859,127.566492,-77,-28.599859,112.566492,-18
277.5,-75.760822,127.83079,-77,-28.760822,112.83079,-18
277.75,-75.894018,128.054832,-77,-28.894018,113.054832,-18
278,-76.032368,128.29517,-77,-29.032368,113.29517,-18
278.25,-76.193082,128.579032,-77,-29.193082,113.579032,-18
278.5,-76.352514,128.864509,-77,-29.352514,113.864509,-18
278.75,-76.500211,129.13605,-77,-29.500211,114.13605,-18
279,-76.652957,129.424767,-77,-29.652957,114.424767,-18
279.25,-76.807981,129.722827,-77,-29.807981,114.722827,-18
279.5,-76.949068,130,-77,-29.949068,115,-18
279.75,-77.085781,130.277173,-77,-30.085781,115.277173,-18
280,-77.229535,130.575233,-77,-30.229535,115.575233,-18
280.25,-77.366367,130.86395,-77,-30.366367,115.86395,-18
280.5,-77.491388,131.135491,-77,-30.491388,116.135491,-18
280.75,-77.619076,131.420968,-77,-30.619076,116.420968,-18
281,-77.744107,131.70483,-77,-30.744107,116.70483,-18
281.25,-77.848074,131.945168,-77,-30.848074,116.945168,-18
281.5,-77.941535,132.16921,-77,-30.941535,117.16921,-18
281.75,-78.048673,132.433508,-77,-31.048673,117.433508,-18
282,-78.164864,132.724305,-77,-31.164864,117.724305,-18
282.25,-78.272612,133.00016,-77,-31.272612,118.00016,-18
282.5,-78.377029,133.277173,-77,-31.377029,118.277173,-18
282.75,-78.486521,133.575233,-77,-31.486521,118.575233,-18
283,-78.590454,133.863995,-77,-31.590454,118.863995,-18
283.25,-78.685068,134.136005,-77,-31.685068,119.136005,-18
283.5,-78.782026,134.424767,-77,-31.782026,119.424767,-18
283.75,-78.879945,134.722827,-77,-31.879945,119.722827,-18
284,-78.968482,135,-77,-31.968482,120,-18
284.25,-79.053424,135.277173,-77,-32.053424,120.277173,-18
284.5,-79.142078,135.575233,-77,-32.142078,120.575233,-18
284.75,-79.225951,135.863995,-77,-32.225951,120.863995,-18
285,-79.301858,136.136005,-77,-32.301858,121.136005,-18
285.25,-79.379155,136.424767,-77,-32.379155,121.424767,-18
285.5,-79.456907,136.722872,-77,-32.456907,121.722872,-18
285.75,-79.526905,137.000514,-77,-32.526905,122.000514,-18
286,-79.594046,137.280971,-77,-32.594046,122.280971,-18
286.25,-79.665837,137.593435,-77,-32.665837,122.593435,-18
286.5,-79.738292,137.920818,-77,-32.738292,122.920818,-18
286.75,-79.808666,138.256508,-77,-32.808666,123.256508,-18
287,-79.880143,138.617694,-77,-32.880143,123.617694,-18
287.25,-79.95159,138.998523,-77,-32.95159,123.998523,-18
287.5,-80.018199,139.373405,-77,-33.018199,124.373405,-18
287.75,-80.075066,139.710288,-77,-33.075066,124.710288,-18
288,-80.120628,139.998009,-77,-33.120628,124.998009,-18
288.25,-80.161223,140.276968,-77,-33.161223,125.276968,-18
288.5,-80.202115,140.575233,-77,-33.202115,125.575233,-18
288.75,-80.23986,140.86395,-77,-33.23986,125.86395,-18
289,-80.272553,141.135491,-77,-33.272553,126.135491,-18
289.25,-80.30405,141.420968,-77,-33.30405,126.420968,-18
289.5,-80.333877,141.70483,-77,-33.333877,126.70483,-18
289.75,-80.35764,141.945168,-77,-33.35764,126.945168,-18
290,-80.377055,142.16921,-77,-33.377055,127.16921,-18
290.25,-80.397486,142.433508,-77,-33.397486,127.433508,-18
290.5,-80.418607,142.724305,-77,-33.418607,127.724305,-18
290.75,-80.436624,143.00016,-77,-33.436624,128.00016,-18
291,-80.451622,143.277173,-77,-33.451622,128.277173,-18
291.25,-80.46541,143.575233,-77,-33.46541,128.575233,-18
291.5,-80.47698,143.863995,-77,-33.47698,128.863995,-18
291.75,-80.485108,144.136005,-77,-33.485108,129.136005,-18
292,-80.490793,144.424767,-77,-33.490793,129.424767,-18
292.25,-80.494819,144.722827,-77,-33.494819,129.722827,-18
292.5,-80.496382,145,-77,-33.496382,130,-18
292.75,-80.494819,145.277173,-77,-33.494819,130.277173,-18
293,-80.490793,145.575233,-77,-33.490793,130.575233,-18
293.25,-80.485108,145.863995,-77,-33.485108,130.863995,-18
293.5,-80.47698,146.136005,-77,-33.47698,131.136005,-18
293.75,-80.46541,146.424767,-77,-33.46541,131.424767,-18
294,-80.451622,146.722827,-77,-33.451622,131.722827,-18
294.25,-80.436608,147,-77,-33.436608,132,-18
294.5,-80.418452,147.277173,-77,-33.418452,132.277173,-18
294.75,-80.396567,147.575233,-77,-33.396567,132.575233,-18
295,-80.373565,147.863995,-77,-33.373565,132.863995,-18
295.25,-80.349096,148.136005,-77,-33.349096,133.136005,-18
295.5,-80.320145,148.424767,-77,-33.320145,133.424767,-18
295.75,-80.288393,148.722827,-77,-33.288393,133.722827,-18
296,-80.25664,149,-77,-33.25664,134,-18
296.25,-80.221693,149.277173,-77,-33.221693,134.277173,-18
296.5,-80.181713,149.575233,-77,-33.181713,134.575233,-18
296.75,-80.141111,149.864155,-77,-33.141111,134.864155,-18
297,-80.099773,150.137482,-77,-33.099773,135.137482,-18
297.25,-80.051687,150.433508,-77,-33.051687,135.433508,-18
297.5,-79.996744,150.756192,-77,-32.996744,135.756192,-18
297.75,-79.938094,151.082651,-77,-32.938094,136.082651,-18
298,-79.874617,151.41551,-77,-32.874617,136.41551,-18
298.25,-79.807211,151.752233,-77,-32.807211,136.752233,-18
298.5,-79.738046,152.080659,-77,-32.738046,137.080659,-18
298.75,-79.66581,152.406725,-77,-32.66581,137.406725,-18
299,-79.594046,152.719029,-77,-32.594046,137.719029,-18
299.25,-79.526905,152.999486,-77,-32.526905,137.999486,-18
299.5,-79.456907,153.277128,-77,-32.456907,138.277128,-18
299.75,-79.379155,153.575233,-77,-32.379155,138.575233,-18
300,-79.301858,153.863995,-77,-32.301858,138.863995,-18
300.25,-79.225951,154.136005,-77,-32.225951,139.136005,-18
300.5,-79.142078,154.424767,-77,-32.142078,139.424767,-18
300.75,-79.053424,154.722827,-77,-32.053424,139.722827,-18
301,-78.968482,155,-77,-31.968482,140,-18
301.25,-78.879945,155.277173,-77,-31.879945,140.277173,-18
301.5,-78.782026,155.575233,-77,-31.782026,140.575233,-18
301.75,-78.685068,155.863995,-77,-31.685068,140.863995,-18
302,-78.590454,156.136005,-77,-31.590454,141.136005,-18
302.25,-78.486521,156.424767,-77,-31.486521,141.424767,-18
302.5,-78.377029,156.722827,-77,-31.377029,141.722827,-18
302.75,-78.272542,157,-77,-31.272542,142,-18
303,-78.164213,157.277173,-77,-31.164213,142.277173,-18
303.25,-78.044824,157.575233,-77,-31.044824,142.575233,-18
303.5,-77.92691,157.863995,-77,-30.92691,142.863995,-18
303.75,-77.812306,158.136005,-77,-30.812306,143.136005,-18
304,-77.686882,158.424767,-77,-30.686882,143.424767,-18
304.25,-77.555032,158.722827,-77,-30.555032,143.722827,-18
304.5,-77.429529,159,-77,-30.429529,144,-18
304.75,-77.299855,159.277173,-77,-30.299855,144.277173,-18
305,-77.15726,159.575233,-77,-30.15726,144.575233,-18
305.25,-77.016659,159.863995,-77,-30.016659,144.863995,-18
305.5,-76.880348,160.136005,-77,-29.880348,145.136005,-18
305.75,-76.731521,160.424767,-77,-29.731521,145.424767,-18
306,-76.575278,160.722827,-77,-29.575278,145.722827,-18
306.25,-76.426913,160.999795,-77,-29.426913,145.999795,-18
306.5,-76.274906,161.275181,-77,-29.274906,146.275181,-18
306.75,-76.113243,161.562693,-77,-29.113243,146.562693,-18
307,-75.97132,161.812793,-77,-28.97132,146.812793,-18
307.25,-75.862987,162,-77,-28.862987,147,-18
307.5,-75.750635,162.187207,-77,-28.750635,147.187207,-18
307.75,-75.597709,162.437307,-77,-28.597709,147.437307,-18
308,-75.420296,162.724819,-77,-28.420296,147.724819,-18
308.25,-75.247167,163.000205,-77,-28.247167,148.000205,-18
308.5,-75.067927,163.277173,-77,-28.067927,148.277173,-18
308.75,-74.871106,163.575233,-77,-27.871106,148.575233,-18
309,-74.67734,163.86395,-77,-27.67734,148.86395,-18
309.25,-74.4902,164.135491,-77,-27.4902,149.135491,-18
309.5,-74.28841,164.420968,-77,-27.28841,149.420968,-18
309.75,-74.085095,164.70483,-77,-27.085095,149.70483,-18
310,-73.910178,164.945124,-77,-26.910178,149.945124,-18
310.25,-73.742375,165.168535,-77,-26.742375,150.168535,-18
310.5,-73.54289,165.428232,-77,-26.54289,150.428232,-18
310.75,-73.334412,165.697566,-77,-26.334412,150.697566,-18
311,-73.166706,165.912124,-77,-26.166706,150.912124,-18
311.25,-73.025128,166.087876,-77,-26.025128,151.087876,-18
311.5,-72.847153,166.302434,-77,-25.847153,151.302434,-18
311.75,-72.621643,166.571768,-77,-25.621643,151.571768,-18
312,-72.402415,166.831465,-77,-25.402415,151.831465,-18
312.25,-72.209435,167.054672,-77,-25.209435,152.054672,-18
312.5,-71.996889,167.292974,-77,-24.996889,152.292974,-18
312.75,-71.751661,167.564341,-77,-24.751661,152.564341,-18
313,-71.538675,167.79929,-77,-24.538675,152.79929,-18
313.25,-71.410578,167.940102,-77,-24.410578,152.940102,-18
313.5,-71.337854,168.017998,-77,-24.337854,153.017998,-18
313.75,-71.239991,168.118369,-77,-24.239991,153.118369,-18
314,-71.053898,168.307505,-77,-24.053898,153.307505,-18
314.25,-70.798833,168.566537,-77,-23.798833,153.566537,-18
314.5,-70.569372,168.799495,-77,-23.569372,153.799495,-18
314.75,-70.430447,168.940102,-77,-23.430447,153.940102,-18
315,-70.351383,169.017998,-77,-23.351383,154.017998,-18
315.25,-70.244802,169.118369,-77,-23.244802,154.118369,-18
315.5,-70.042055,169.307505,-77,-23.042055,154.307505,-18
315.75,-69.763968,169.566697,-77,-22.763968,154.566697,-18
316,-69.512415,169.800972,-77,-22.512415,154.800972,-18
316.25,-69.352492,169.948843,-77,-22.352492,154.948843,-18
316.5,-69.237523,170.051157,-77,-22.237523,155.051157,-18
316.75,-69.065127,170.199028,-77,-22.065127,155.199028,-18
317,-68.79018,170.433303,-77,-21.79018,155.433303,-18
317.25,-68.485762,170.692495,-77,-21.485762,155.692495,-18
317.5,-68.263388,170.881631,-77,-21.263388,155.881631,-18
317.75,-68.144005,170.982002,-77,-21.144005,155.982002,-18
318,-68.046399,171.059898,-77,-21.046399,156.059898,-18
318.25,-67.865071,171.200505,-77,-20.865071,156.200505,-18
318.5,-67.563617,171.433508,-77,-20.563617,156.433508,-18
318.75,-67.227704,171.693009,-77,-20.227704,156.693009,-18
319,-66.977928,171.88543,-77,-19.977928,156.88543,-18
319.25,-66.82579,172,-77,-19.82579,157,-18
319.5,-66.664802,172.11457,-77,-19.664802,157.11457,-18
319.75,-66.388681,172.306991,-77,-19.388681,157.306991,-18
320,-66.015099,172.566652,-77,-19.015099,157.566652,-18
320.25,-65.677567,172.800972,-77,-18.677567,157.800972,-18
320.5,-65.462504,172.948843,-77,-18.462504,157.948843,-18
320.75,-65.305961,173.051157,-77,-18.305961,158.051157,-18
321,-65.068537,173.199028,-77,-18.068537,158.199028,-18
321.25,-64.689125,173.433303,-77,-17.689125,158.433303,-18
321.5,-64.269327,173.69229,-77,-17.269327,158.69229,-18
321.75,-63.965572,173.87964,-77,-16.965572,158.87964,-18
322,-63.819482,173.969463,-77,-16.819482,158.969463,-18
322.25,-63.752783,174.008741,-77,-16.752783,159.008741,-18
322.5,-63.648952,174.065174,-77,-16.648952,159.065174,-18
322.75,-63.395816,174.20118,-77.000004,-16.395809,159.201178,-17.999998
323,-62.963168,174.433515,-77.000044,-15.963103,159.433492,-17.99998
323.25,-62.481476,174.692336,-77.000297,-15.481035,159.692184,-17.999863
323.5,-62.134208,174.879659,-77.001456,-15.132042,159.878912,-17.999328
323.75,-61.974581,174.968307,-77.005443,-14.966486,159.965516,-17.997488
324,-61.932209,174.998663,-77.016116,-14.908242,159.990399,-17.992562
324.25,-61.920546,175.019945,-77.039321,-14.862068,159.99978,-17.981852
324.5,-61.854524,175.0779,-77.082096,-14.732432,160.035799,-17.96211
324.75,-61.635228,175.222621,-77.15163,-14.409727,160.144862,-17.930017
325,-61.241905,175.46795,-77.25459,-13.863284,160.337391,-17.882497
325.25,-60.836788,175.744327,-77.396868,-13.246574,160.540805,-17.81683
325.5,-60.64154,175.954752,-77.583537,-12.773715,160.655502,-17.730675
325.75,-60.721619,176.072398,-77.818877,-12.503802,160.652461,-17.622057
326,-60.996779,176.135879,-78.106399,-12.351365,160.568495,-17.489354
326.25,-61.382998,176.185039,-78.448883,-12.228248,160.442022,-17.331285
326.5,-61.845597,176.236931,-78.84841,-12.09668,160.289029,-17.146888
326.75,-62.377376,176.295729,-79.306392,-11.947358,160.112964,-16.935512
327,-62.976591,176.362602,-79.823606,-11.777381,159.914599,-16.696797
327.25,-63.634122,176.44093,-80.400231,-11.577368,159.697222,-16.430663
327.5,-64.3105,176.544663,-81.035873,-11.308433,159.474985,-16.137289
327.75,-64.913723,176.706315,-81.729603,-10.879955,159.280878,-15.817107
328,-65.357226,176.956172,-82.479988,-10.207501,159.145922,-15.470775
328.25,-65.710026,177.268428,-83.285124,-9.362918,159.045287,-15.099174
328.5,-66.20294,177.558964,-84.14267,-8.580508,158.896056,-14.703383
328.75,-66.995589,177.768997,-85.049878,-8.023975,158.640855,-14.284672
329,-68.048983,177.910819,-86.003628,-7.658973,158.293574,-13.84448
329.25,-69.24814,178.02381,-87.000458,-7.375664,157.89537,-13.384404
329.5,-70.52088,178.131809,-88.036601,-7.107473,157.472013,-12.906184
329.75,-71.839969,178.242234,-89.108015,-6.833178,157.032996,-12.411685
330,-73.187563,178.35812,-90.210414,-6.541307,156.583549,-11.902886
330.25,-74.52065,178.488101,-91.339304,-6.195531,156.134612,-11.38186
330.5,-75.74809,178.652293,-92.490015,-5.711658,155.708695,-10.850762
330.75,-76.787145,178.868726,-93.657731,-5.014108,155.326299,-10.311816
331,-77.706465,179.118871,-94.837528,-4.178859,154.971421,-9.767295
331.25,-78.726921,179.347452,-96.0244,-3.434223,154.59135,-9.219508
331.5,-79.994479,179.517241,-97.213298,-2.933677,154.151447,-8.670785
331.75,-81.461401,179.637727,-98.399158,-2.637011,153.6638,-8.123465
332,-83.008998,179.735501,-99.576937,-2.43304,153.157584,-7.579875
332.25,-84.561301,179.826731,-100.741644,-2.253216,152.651529,-7.042318
332.5,-86.07825,179.918249,-101.888371,-2.064775,152.154982,-6.513059
332.75,-87.509504,180.017558,-103.012332,-1.824498,151.6779,-5.994308
333,-88.786601,180.135127,-104.108887,-1.47082,151.233133,-5.488206
333.25,-89.897493,180.271668,-105.173582,-0.99832,150.823678,-4.996808
333.5,-90.954983,180.40631,-106.202178,-0.526103,150.430834,-4.522072
333.75,-92.100954,180.513211,-107.190684,-0.201988,150.030809,-4.065838
334,-93.358006,180.58731,-108.135392,-0.05409,149.620442,-3.629819
334.25,-94.64849,180.641069,-109.032906,-0.00981,149.213938,-3.215582
334.5,-95.899891,180.686432,-109.880177,-0.001166,148.824802,-2.824534
334.75,-97.080152,180.729411,-110.674537,-0.000071,148.460418,-2.457906
335,-98.179391,180.773865,-111.413729,0,148.125799,-2.116741
335.25,-99.193962,180.822018,-112.09594,0,147.8241,-1.801874
335.5,-100.121807,180.870298,-112.719836,0,147.552433,-1.513922
335.75,-100.961701,180.910286,-113.284592,0,147.302803,-1.253265
336,-101.713225,180.937651,-113.789927,0,147.071021,-1.020034
336.25,-102.376818,180.955991,-114.236136,0,146.860537,-0.814091
336.5,-102.95382,180.970832,-114.62412,0,146.676412,-0.635021
336.75,-103.446528,180.98389,-114.955424,0,146.51957,-0.482112
337,-103.858239,180.99375,-115.232264,0,146.387461,-0.35434
337.25,-104.193301,180.999629,-115.457564,0,146.277801,-0.250355
337.5,-104.457162,181.002425,-115.634988,0,146.18961,-0.168467
337.75,-104.656392,181.003185,-115.768948,0,146.121661,-0.106629
338,-104.79825,181.002395,-115.86422,0,146.071747,-0.062424
338.25,-104.88707,180.998277,-115.922787,0,146.034926,-0.033058
338.5,-104.905829,180.976432,-115.92779,0,145.992962,-0.015392
338.75,-104.757809,180.877776,-115.79277,0,145.881687,-0.006088
339,-104.161587,180.541483,-115.270341,0,145.533003,-0.001969
339.25,-102.58238,179.668156,-113.892653,0,144.637738,-0.000501
339.5,-99.34285,177.881498,-111.068187,0,142.809081,-0.000096
339.75,-93.916938,174.890133,-106.337852,0,139.748057,-0.000013
340,-86.206482,170.639473,-99.615908,0,135.398532,-0.000001
340.25,-76.625619,165.357713,-91.263361,0,129.993939,0
340.5,-66,159.5,-82,0,124,0
340.75,-55.37438,153.642287,-72.736639,0,118.006061,0
341,-45.793514,148.360527,-64.384089,0,112.601469,0
341.25,-38.083019,144.10987,-57.662119,0,108.25196,0
341.5,-32.65684,141.118515,-52.931605,0,105.191038,0
341.75,-29.416007,139.331901,-50.106262,0,103.362876,0
342,-27.832068,138.458704,-48.725393,0,102.469372,0
342.25,-27.222575,138.122701,-48.19404,0,102.125555,0
342.5,-27.044576,138.024574,-48.038862,0,102.025146,0
342.75,-27.006409,138.003533,-48.005588,0,102.003616,0
343,-27.000606,138.000334,-48.000528,0,102.000342,0
343.25,-27.000026,138.000014,-48.000023,0,102.000015,0
343.5,-27,138,-48,0,102,0
343.75,-27,138,-48,0,102,0
344,-27,138,-48,0,102,0
344.25,-27,138,-48,0,102,0
344.5,-27,138,-48,0,102,0
344.75,-27,138,-48,0,102,0
345,-27,138,-48,0,102,0
345.25,-27,138,-48,0,102,0
345.5,-27,138,-48,0,102,0
345.75,-27.000001,137.999999,-48,0,102.000001,0
346,-27.00003,137.99997,-48.000008,0,102.000024,0
346.25,-27.000319,137.999681,-48.000082,0,102.000261,0
346.5,-27.002209,137.997791,-48.000571,0,102.001837,0
346.75,-27.010965,137.989035,-48.002854,0,102.009279,0
347,-27.040697,137.959303,-48.010668,0,102.03516,0
347.25,-27.117144,137.882856,-48.030974,0,102.10373,0
347.5,-27.271464,137.728536,-48.072524,0,102.247379,0
347.75,-27.525552,137.474448,-48.14209,0,102.494763,0
348,-27.879311,137.120689,-48.240942,0,102.857962,0
348.25,-28.308227,136.691773,-48.363774,0,103.326313,0
348.5,-28.770024,136.229976,-48.5,0,103.867961,0
348.75,-29.215068,135.784932,-48.636226,0,104.436414,0
349,-29.597001,135.402999,-48.759058,0,104.979939,0
349.25,-29.88224,135.11776,-48.85791,0,105.45277,0
349.5,-30.057267,134.942733,-48.927476,0,105.826651,0
349.75,-30.131271,134.868729,-48.969026,0,106.098806,0
350,-30.130913,134.869087,-48.989332,0,106.290265,0
350.25,-30.087737,134.912263,-48.997146,0,106.432798,0
350.5,-30.025891,134.974109,-48.999429,0,106.553202,0
350.75,-29.958064,135.041936,-48.999918,0,106.666325,0
351,-29.888864,135.111136,-48.999992,0,106.777745,0
351.25,-29.819443,135.180557,-49,0,106.888887,0
351.5,-29.75,135.25,-49,0,107,0
351.75,-29.680556,135.319444,-49,0,107.111111,0
352,-29.611111,135.388889,-49,0,107.222222,0
352.25,-29.541667,135.458333,-49,0,107.333333,0
352.5,-29.472222,135.527778,-49,0,107.444444,0
352.75,-29.402778,135.597222,-49,0,107.555556,0
353,-29.333333,135.666667,-49,0,107.666667,0
353.25,-29.263889,135.736111,-49,0,107.777778,0
353.5,-29.194444,135.805556,-49,0,107.888889,0
353.75,-29.125,135.875,-49,0,108,0
354,-29.055556,135.944444,-49,0,108.111111,0
354.25,-28.986111,136.013889,-49,0,108.222222,0
354.5,-28.916667,136.083333,-49,0,108.333333,0
354.75,-28.847222,136.152778,-49,0,108.444444,0
355,-28.777778,136.222222,-49,0,108.555556,0
355.25,-28.708333,136.291667,-49,0,108.666667,0
355.5,-28.638889,136.361111,-49,0,108.777778,0
355.75,-28.569444,136.430556,-49,0,108.888889,0
356,-28.5,136.5,-49,0,109,0
356.25,-28.430556,136.569444,-49,0,109.111111,0
356.5,-28.361111,136.638889,-49,0,109.222222,0
356.75,-28.291667,136.708333,-49,0,109.333333,0
357,-28.222222,136.777778,-49,0,109.444444,0
357.25,-28.152778,136.847222,-49,0,109.555556,0
357.5,-28.083333,136.916667,-49,0,109.666667,0
357.75,-28.013889,136.986111,-49,0,109.777778,0
358,-27.944444,137.055556,-49,0,109.888889,0
358.25,-27.875,137.125,-49,0,110,0
358.5,-27.805556,137.194444,-49,0,110.111111,0
358.75,-27.736111,137.263889,-49,0,110.222222,0
359,-27.666667,137.333333,-49,0,110.333333,0
359.25,-27.597222,137.402778,-49,0,110.444444,0
359.5,-27.527778,137.472222,-49,0,110.555556,0
359.75,-27.458333,137.541667,-49,0,110.666667,0
360,-27.388889,137.611111,-49,0,110.777778,0
360.25,-27.319444,137.680556,-49,0,110.888889,0
360.5,-27.25,137.75,-49,0,111,0
360.75,-27.180556,137.819444,-49,0,111.111111,0
361,-27.111111,137.888889,-49,0,111.222222,0
361.25,-27.041667,137.958333,-49,0,111.333333,0
361.5,-26.972222,138.027778,-49,0,111.444444,0
361.75,-26.902778,138.097222,-49,0,111.555556,0
362,-26.833333,138.166667,-49,0,111.666667,0
362.25,-26.763889,138.236111,-49,0,111.777778,0
362.5,-26.694444,138.305556,-49,0,111.888889,0
362.75,-26.625,138.375,-49,0,112,0
363,-26.555556,138.444444,-49,0,112.111111,0
363.25,-26.486111,138.513889,-49,0,112.222222,0
363.5,-26.416667,138.583333,-49,0,112.333333,0
363.75,-26.347231,138.652769,-49,0,112.444431,0
364,-26.277888,138.722112,-49,0,112.55538,0
364.25,-26.209171,138.790838,-49.000008,0,112.665339,0
364.5,-26.143235,138.856868,-49.000095,0,112.77097,0
364.75,-26.085585,138.915216,-49.00074,0,112.864198,0
365,-26.045265,138.959344,-49.004257,0,112.934098,0
365.25,-26.033716,138.986837,-49.018985,0,112.975142,0
365.5,-26.069623,139.003839,-49.067859,0,112.992571,0
365.75,-26.193608,139.023038,-49.200122,0,112.996837,0
366,-26.481657,139.05951,-49.499892,0,112.995238,0
366.25,-27.0429,139.129111,-50.08262,0,112.990054,0
366.5,-27.998005,139.247372,-51.07412,0,112.980971,0
366.75,-29.444473,139.426459,-52.575691,0,112.967195,0
367,-31.421984,139.671293,-54.628536,0,112.948362,0
367.25,-33.89594,139.977593,-57.196738,0,112.924801,0
367.5,-36.774924,140.334038,-60.185397,0,112.897382,0
367.75,-39.959795,140.728356,-63.491597,0,112.86705,0
368,-43.392439,141.15335,-67.055008,0,112.834358,0
368.25,-47.064458,141.60798,-70.866913,0,112.799386,0
368.5,-50.985773,142.093477,-74.937612,0,112.76204,0
368.75,-55.152892,142.609406,-79.263478,0,112.722353,0
369,-59.54175,143.152788,-83.819531,0,112.680555,0
369.25,-64.115253,143.719031,-88.567263,0,112.636998,0
369.5,-68.830324,144.302802,-93.461955,0,112.592092,0
369.75,-73.64106,144.898417,-98.455957,0,112.546276,0
370,-78.5,145.5,-103.5,0,112.5,0
370.25,-83.35894,146.101583,-108.544043,0,112.453724,0
370.5,-88.169676,146.697198,-113.538045,0,112.407908,0
370.75,-92.884742,147.280968,-118.432732,0,112.363002,0
371,-97.458149,147.847199,-123.180365,0,112.319446,0
371.25,-101.846123,148.390472,-127.735499,0,112.277656,0
371.5,-106.007842,148.905733,-132.05576,0,112.238021,0
371.75,-109.906177,149.388384,-136.102603,0,112.200894,0
372,-113.508427,149.834377,-139.842081,0,112.166586,0
372.25,-116.78706,150.240303,-143.245615,0,112.135361,0
372.5,-119.720451,150.603484,-146.290753,0,112.107424,0
372.75,-122.293617,150.922067,-148.961945,0,112.082918,0
373,-124.498961,151.195109,-151.251302,0,112.061915,0
373.25,-126.337004,151.422677,-153.159366,0,112.044409,0
373.5,-127.817129,151.60593,-154.695877,0,112.030313,0
373.75,-128.958314,151.74722,-155.880536,0,112.019445,0
374,-129.789842,151.850172,-156.743756,0,112.011541,0
374.25,-130.351757,151.919759,-157.3273,0,112.006337,0
374.5,-130.693976,151.962267,-157.684464,0,112.004046,0
374.75,-130.870667,151.984946,-157.879176,0,112.006865,0
375,-130.924824,151.995096,-157.984302,0,112.021712,0
375.25,-130.863587,151.998746,-158.081445,0,112.062045,0
375.5,-130.638854,151.999758,-158.262916,0,112.145066,0
375.75,-130.153144,151.999966,-158.629182,0,112.284183,0
376,-129.294319,151.999997,-159.273391,0,112.481885,0
376.25,-127.982099,152,-160.255502,0,112.727548,0
376.5,-126.205435,152,-161.578828,0,113,0
376.75,-124.038455,152,-163.180719,0,113.272452,0
377,-121.630516,152,-164.942481,0,113.518115,0
377.25,-119.170126,152,-166.718513,0,113.71582,0
377.5,-116.82837,152,-168.37948,0,113.854953,0
377.75,-114.701385,152,-169.854473,0,113.938051,0
378,-112.786457,152,-171.147012,0,113.978665,0
378.25,-111.013327,152,-172.310308,0,113.994293,0
378.5,-109.304022,152,-173.402523,0,113.998857,0
378.75,-107.610109,152,-174.459532,0,113.999836,0
379,-105.9123,152,-175.495569,0,113.999984,0
379.25,-104.205574,152,-176.514344,0,113.999999,0
379.5,-102.489165,152,-177.516441,0,114,0
379.75,-100.763126,152,-178.501843,0,114,0
380,-99.027614,152,-179.470464,0,114,0
380.25,-97.282791,152,-180.422211,0,114,0
380.5,-95.528822,152,-181.356995,0,114,0
380.75,-93.765872,152,-182.274729,0,114,0
381,-91.994106,152,-183.175326,0,114,0
381.25,-90.213692,152,-184.058701,0,114,0
381.5,-88.424795,152,-184.924772,0,114,0
381.75,-86.627585,152,-185.773456,0,114,0
382,-84.822231,152,-186.604675,0,114,0
382.25,-83.008902,152,-187.41835,0,114,0
382.5,-81.187769,152,-188.214404,0,114,0
382.75,-79.359003,152,-188.992763,0,114,0
383,-77.522775,152,-189.753353,0,114,0
383.25,-75.679259,152,-190.496103,0,114,0
383.5,-73.828628,152,-191.220944,0,114,0
383.75,-71.971056,152,-191.927806,0,114,0
384,-70.106718,152,-192.616624,0,114,0
384.25,-68.235788,152,-193.287333,0,114,0
384.5,-66.358443,152,-193.939869,0,114,0
384.75,-64.474859,152,-194.574172,0,114,0
385,-62.585213,152,-195.190181,0,114,0
385.25,-60.689683,152,-195.787839,0,114,0
385.5,-58.788448,152,-196.36709,0,114,0
385.75,-56.881685,152,-196.927879,0,114,0
386,-54.969574,152,-197.470154,0,114,0
386.25,-53.052296,152,-197.993863,0,114,0
386.5,-51.130029,152,-198.498957,0,114,0
386.75,-49.202955,152,-198.985389,0,114,0
387,-47.271256,152,-199.453112,0,114,0
387.25,-45.335112,152,-199.902084,0,114,0
387.5,-43.394706,152,-200.332262,0,114,0
387.75,-41.45022,152,-200.743605,0,114,0
388,-39.501837,152,-201.136075,0,114,0
388.25,-37.549741,152,-201.509634,0,114,0
388.5,-35.594113,152,-201.864248,0,114,0
388.75,-33.63514,152,-202.199884,0,114,0
389,-31.673004,152,-202.516509,0,114,0
389.25,-29.70789,152,-202.814094,0,114,0
389.5,-27.739984,152,-203.092612,0,114,0
389.75,-25.769469,152,-203.352035,0,114,0
390,-23.796532,152,-203.59234,0,114,0
390.25,-21.821357,152,-203.813503,0,114,0
390.5,-19.844131,152,-204.015505,0,114,0
390.75,-17.865039,152,-204.198325,0,114,0
391,-15.884267,152,-204.361948,0,114,0
391.25,-13.902002,152,-204.506357,0,114,0
391.5,-11.91843,152,-204.631539,0,114,0
391.75,-9.933984,152,-204.737483,0,114,0
392,-7.951221,152.000001,-204.824186,0,114.000008,0
392.25,-5.98503,152.000019,-204.891679,0,114.000087,0
392.5,-4.092825,152.000158,-204.940054,0,114.000611,0
392.75,-2.407141,152.000924,-204.969091,0,114.003084,0
393,-1.081917,152.00406,-204.976142,0,114.011682,0
393.25,-0.112464,152.013894,-204.950862,0,114.034448,0
393.5,0.784911,152.038325,-204.868723,0,114.082105,0
393.75,2.056692,152.088063,-204.689529,0,114.164106,0
394,4.09506,152.173745,-204.365186,0,114.284379,0
394.25,7.113946,152.302131,-203.854294,0,114.439307,0
394.5,11.118875,152.473093,-203.137283,0,114.618273,0
394.75,15.914868,152.678518,-202.226549,0,114.805855,0
395,21.14812,152.903557,-201.167691,0,114.984947,0
395.25,26.39323,153.130194,-200.029202,0,115.140459,0
395.5,31.278606,153.34257,-198.880699,0,115.263119,0
395.75,35.607979,153.532224,-197.7669,0,115.352082,0
396,39.404646,153.700058,-196.693211,0,115.414347,0
396.25,42.835906,153.853175,-195.635178,0,115.46044,0
396.5,46.079736,153.999178,-194.562667,0,115.499223,0
396.75,49.244909,154.142735,-193.456502,0,115.535602,0
397,52.374373,154.285702,-192.309321,0,115.571418,0
397.25,55.47926,154.428571,-191.119723,0,115.607142,0
397.5,58.561304,154.571429,-189.888098,0,115.642857,0
397.75,61.620464,154.714286,-188.615172,0,115.678571,0
398,64.656498,154.857143,-187.301694,0,115.714286,0
398.25,67.669179,155,-185.948391,0,115.75,0
398.5,70.658305,155.142857,-184.555971,0,115.785714,0
398.75,73.623694,155.285714,-183.125116,0,115.821429,0
399,76.565188,155.428571,-181.656484,0,115.857143,0
399.25,79.482644,155.571429,-180.150704,0,115.892857,0
399.5,82.375938,155.714286,-178.608382,0,115.928571,0
399.75,85.24496,155.857143,-177.030094,0,115.964286,0
400,88.089614,156,-175.416387,0,116,0
400.25,90.909812,156.142857,-173.767784,0,116.035714,0
400.5,93.705479,156.285714,-172.084773,0,116.071429,0
400.75,96.476542,156.428571,-170.367818,0,116.107143,0
401,99.222936,156.571429,-168.617351,0,116.142857,0
401.25,101.944597,156.714286,-166.833775,0,116.178571,0
401.5,104.641461,156.857143,-165.017466,0,116.214286,0
401.75,107.313465,157,-163.168769,0,116.25,0
402,109.96054,157.142857,-161.288002,0,116.285714,0
402.25,112.582612,157.285714,-159.375455,0,116.321429,0
402.5,115.179601,157.428571,-157.431389,0,116.357143,0
402.75,117.751416,157.571429,-155.456042,0,116.392857,0
403,120.297957,157.714286,-153.449624,0,116.428571,0
403.25,122.819108,157.857143,-151.41232,0,116.464286,0
403.5,125.314742,158,-149.344294,0,116.5,0
403.75,127.784713,158.142857,-147.245683,0,116.535714,0
404,130.228859,158.285714,-145.116608,0,116.571429,0
404.25,132.646997,158.428571,-142.957166,0,116.607143,0
404.5,135.038925,158.571429,-140.767438,0,116.642857,0
404.75,137.404418,158.714286,-138.547487,0,116.678571,0
405,139.743228,158.857143,-136.29736,0,116.714286,0
405.25,142.055081,159,-134.017092,0,116.75,0
405.5,144.339681,159.142857,-131.706705,0,116.785714,0
405.75,146.596702,159.285714,-129.36621,0,116.821429,0
406,148.825792,159.428571,-126.995612,0,116.857143,0
406.25,151.026572,159.571429,-124.594908,0,116.892857,0
406.5,153.198633,159.714286,-122.164089,0,116.928571,0
406.75,155.341537,159.857143,-119.703147,0,116.964286,0
407,157.454817,160,-117.21207,0,117,0
407.25,159.537977,160.142857,-114.690851,0,117.035714,0
407.5,161.590488,160.285714,-112.139482,0,117.071429,0
407.75,163.611794,160.428571,-109.557965,0,117.107143,0
408,165.601308,160.571429,-106.946308,0,117.142857,0
408.25,167.558414,160.714286,-104.304528,0,117.178571,0
408.5,169.482465,160.857143,-101.632655,0,117.214286,0
408.75,171.372787,161,-98.930732,0,117.25,0
409,173.228677,161.142857,-96.198818,0,117.285714,0
409.25,175.049403,161.285714,-93.436992,0,117.321429,0
409.5,176.834208,161.428571,-90.645349,0,117.357143,0
409.75,178.582308,161.571429,-87.824009,0,117.392857,0
410,180.292894,161.714286,-84.973114,0,117.428571,0
410.25,181.965134,161.857143,-82.092833,0,117.464286,0
410.5,183.598173,162,-79.18336,0,117.5,0
410.75,185.191134,162.142857,-76.244921,0,117.535714,0
411,186.743122,162.285714,-73.277769,0,117.571429,0
411.25,188.253222,162.428571,-70.282192,0,117.607143,0
411.5,189.720504,162.571429,-67.258511,0,117.642857,0
411.75,191.144022,162.714286,-64.207081,0,117.678571,0
412,192.522816,162.857143,-61.128295,0,117.714286,0
412.25,193.855917,163,-58.022582,0,117.75,0
412.5,195.142346,163.142857,-54.890411,0,117.785714,0
412.75,196.380998,163.285696,-51.7327,0,117.821424,0
413,197.569753,163.428345,-48.553986,0,117.857086,0
413.25,198.700582,163.569722,-45.379882,0,117.89243,0
413.5,199.744833,163.705535,-42.310334,0,117.926383,0
413.75,200.635738,163.82541,-39.586509,0,117.95635,0
414,201.286987,163.915339,-37.53507,0,117.978823,0
414.25,201.664064,163.968351,-36.321739,0,117.992033,0
414.5,201.827542,163.991566,-35.786406,0,117.997693,0
414.75,201.882237,163.999245,-35.600508,0,117.999216,0
415,201.905492,164.002193,-35.510163,0,117.999036,0
415.25,201.932732,164.005322,-35.393172,0,117.997993,0
415.5,201.977753,164.010443,-35.196657,0,117.996084,0
415.75,202.047409,164.018404,-34.890638,0,117.993099,0
416,202.145133,164.029654,-34.457973,0,117.98888,0
416.25,202.270841,164.044265,-33.895709,0,117.983401,0
416.5,202.421572,164.062006,-33.212457,0,117.976748,0
416.75,202.593669,164.082593,-32.418871,0,117.969028,0
417,202.785142,164.10596,-31.517038,0,117.960265,0
417.25,202.99621,164.132334,-30.497808,0,117.950375,0
417.5,203.227803,164.162069,-29.34708,0,117.939224,0
417.75,203.479957,164.195461,-28.052791,0,117.926702,0
418,203.751367,164.232704,-26.606831,0,117.912736,0
418.25,204.039686,164.273922,-25.003699,0,117.897279,0
418.5,204.341826,164.319204,-23.23915,0,117.880299,0
418.75,204.654073,164.368619,-21.309683,0,117.861768,0
419,204.972121,164.42222,-19.212416,0,117.841667,0
419.25,205.291084,164.480045,-16.945081,0,117.819983,0
419.5,205.60552,164.542116,-14.506027,0,117.796706,0
419.75,205.909451,164.60844,-11.89423,0,117.771835,0
420,206.196396,164.67901,-9.109305,0,117.745371,0
420.25,206.459406,164.753807,-6.151523,0,117.717322,0
420.5,206.691107,164.832795,-3.02182,0,117.687702,0
420.75,206.883753,164.915929,0.278184,0,117.656526,0
421,207.029274,165.00315,3.746172,0,117.623819,0
421.25,207.119344,165.094387,7.379118,0,117.589605,0
421.5,207.145438,165.189559,11.173274,0,117.553916,0
421.75,207.098909,165.288571,15.124162,0,117.516786,0
422,206.971055,165.391321,19.22657,0,117.478255,0
422.25,206.753203,165.497696,23.47455,0,117.438364,0
422.5,206.436784,165.607572,27.861421,0,117.397161,0
422.75,206.013415,165.720818,32.379779,0,117.354693,0
423,205.474985,165.837294,37.021515,0,117.311015,0
423.25,204.813737,165.956852,41.777829,0,117.266181,0
423.5,204.022351,166.079335,46.639267,0,117.22025,0
423.75,203.094024,166.20458,51.59575,0,117.173282,0
424,202.022549,166.332418,56.63662,0,117.125343,0
424.25,200.802393,166.462674,61.750684,0,117.076497,0
424.5,199.428764,166.595165,66.926276,0,117.026813,0
424.75,197.897678,166.729705,72.151318,0,116.976361,0
425,196.206017,166.866103,77.413386,0,116.925212,0
425.25,194.351582,167.004162,82.699784,0,116.873439,0
425.5,192.333136,167.143684,87.997629,0,116.821118,0
425.75,190.150436,167.284466,93.293927,0,116.768325,0
426,187.804265,167.426301,98.575664,0,116.715137,0
426.25,185.296441,167.568983,103.82989,0,116.661631,0
426.5,182.629827,167.712301,109.043814,0,116.607887,0
426.75,179.808326,167.856044,114.204888,0,116.553983,0
427,176.836865,168,119.300897,0,116.5,0
427.25,173.721371,168.143956,124.320045,0,116.446017,0
427.5,170.468738,168.287699,129.251039,0,116.392113,0
427.75,167.086779,168.431017,134.083162,0,116.338369,0
428,163.584177,168.573699,138.806349,0,116.284863,0
428.25,159.970424,168.715534,143.41125,0,116.231675,0
428.5,156.255746,168.856316,147.889289,0,116.178882,0
428.75,152.451037,168.995838,152.232714,0,116.126561,0
429,148.56777,169.133897,156.434636,0,116.074788,0
429.25,144.617919,169.270295,160.489064,0,116.023639,0
429.5,140.613863,169.404835,164.390923,0,115.973187,0
429.75,136.568302,169.537326,168.136069,0,115.923503,0
430,132.494157,169.667582,171.72129,0,115.874657,0
430.25,128.404484,169.79542,175.1443,0,115.826718,0
430.5,124.312378,169.920665,178.403723,0,115.77975,0
430.75,120.230884,170.043148,181.499064,0,115.733819,0
431,116.17291,170.162706,184.430678,0,115.688985,0
431.25,112.15114,170.279182,187.19973,0,115.645307,0
431.5,108.177957,170.392428,189.808143,0,115.602839,0
431.75,104.265365,170.502304,192.258543,0,115.561636,0
432,100.42492,170.608679,194.554206,0,115.521745,0
432.25,96.667661,170.711429,196.698983,0,115.483214,0
432.5,93.004056,170.810441,198.697245,0,115.446084,0
432.75,89.443944,170.905613,200.553804,0,115.410395,0
433,85.996488,170.99685,202.273849,0,115.376181,0
433.25,82.670132,171.084071,203.862874,0,115.343474,0
433.5,79.472563,171.167205,205.326608,0,115.312298,0
433.75,76.410682,171.246193,206.670947,0,115.282678,0
434,73.490572,171.32099,207.901894,0,115.254629,0
434.25,70.717477,171.39156,209.025493,0,115.228165,0
434.5,68.095782,171.457884,210.047778,0,115.203294,0
434.75,65.629002,171.519955,210.974718,0,115.180017,0
435,63.319762,171.57778,211.812173,0,115.158333,0
435.25,61.169791,171.631381,212.565859,0,115.138232,0
435.5,59.179913,171.680796,213.241311,0,115.119701,0
435.75,57.350044,171.726078,213.84386,0,115.102721,0
436,55.679181,171.767295,214.37862,0,115.087264,0
436.25,54.165404,171.804533,214.850473,0,115.0733,0
436.5,52.805867,171.837895,215.264067,0,115.060789,0
436.75,51.596802,171.8675,215.623826,0,115.049687,0
437,50.53351,171.893488,215.933957,0,115.039942,0
437.25,49.610364,171.916014,216.198474,0,115.031495,0
437.5,48.820803,171.935253,216.421218,0,115.02428,0
437.75,48.15733,171.951402,216.605894,0,115.018224,0
438,47.611511,171.964674,216.756104,0,115.013247,0
438.25,47.17397,171.975305,216.875386,0,115.009261,0
438.5,46.834387,171.983551,216.967262,0,115.006168,0
438.75,46.581492,171.989689,217.035277,0,115.003867,0
439,46.403066,171.994018,217.083048,0,115.002243,0
439.25,46.285966,171.996858,217.114298,0,115.001178,0
439.5,46.216283,171.998548,217.132852,0,115.000545,0
439.75,46.179933,171.999429,217.142517,0,115.000214,0
440,46.163967,171.999816,217.146758,0,115.000069,0