altitude,speed,rho,mach,cd,drag,heatFlux
0,100,1.225,0.293865020924175,0.3000575519108533,116919.12457269512,150.9672977833279
0,300,1.225,0.881595062772525,0.5772518229157382,2024364.9802227616,4076.117040149853
0,340,1.225,0.999141071142195,0.714209827654989,3217100.6560026687,5933.61867207592
0,600,1.225,1.76319012554505,0.41805433575751216,5864300.629580378,32608.936321198824
10000,100,0.3777473306733123,0.33393255545649286,0.30008057229191154,36056.551521478126,83.83310257396522
10000,300,0.3777473306733123,1.0017976663694785,0.7144507332848177,772611.3866599886,2263.4937694970613
10000,340,0.3777473306733123,1.1353706885520756,0.5750371442789184,798730.0823185524,3294.976263567129
10000,600,0.3777473306733123,2.003595332738957,0.419711677748828,1815515.0872447328,18107.95015597649
30000,100,0.03591964492676993,0.33890490922126865,0.3000841342019979,3428.6248925206523,25.85120875051212
30000,300,0.03591964492676993,1.0167147276638058,0.7129930001946165,73317.00490080664,697.9826362638273
30000,340,0.03591964492676993,1.1522766913523133,0.5480978507352734,72392.3829607842,1016.0559087301285
30000,600,0.03591964492676993,2.0334294553276115,0.4197727805958181,172660.78631216948,5583.8610901106185