mach,cd
0,0.3000054477446173
0.025,0.30000665382443137
0.05,0.30000812690350953
0.075,0.30000992608709476
0.1,0.3000121235752971
0.125,0.30001480759535215
0.15,0.30001808605608815
0.175,0.3000220912223256
0.2,0.30002698600444566
0.225,0.30003297316630917
0.25,0.30004031040777873
0.275,0.3000493380031346
0.3,0.30006053370319097
0.325,0.3000746260472151
0.35,0.3000928290624342
0.375,0.3001173192756
0.4,0.3001521743743441
0.425,0.3002051470225022
0.45,0.30029086587410425
0.475,0.3004363258610678
0.5,0.30068979435284043
0.525,0.3011343916134561
0.55,0.3019073886620251
0.575,0.3032254153808433
0.6,0.30541399729945723
0.625,0.30893699876459724
0.65,0.31441786104937136
0.675,0.3226407764502284
0.7,0.3345175830706869
0.725,0.3510071181137051
0.75,0.37297984385925165
0.775,0.4010325593131596
0.8,0.435274744004087
0.825,0.47512581878459703
0.85,0.5191754588673135
0.875,0.5651605789287579
0.9,0.6100981801137941
0.925,0.6505828595188876
0.95,0.683217299185101
0.975,0.7051044545974161
1,0.7143043506426541
1.025,0.7101565236911126
1.05,0.6933943693897593
1.075,0.6660241824506561
1.1,0.6309963049860475
1.125,0.5917424447118493
1.15,0.5516786343963885
1.175,0.5137716062736876
1.2,0.48024058556136884
1.225,0.4524267271233266
1.25,0.43082149866380065
1.275,0.4152143139880097
1.3,0.4049046900860682
1.325,0.39892531697329525
1.35,0.3962352902463056
1.375,0.3958608860892836
1.4,0.3969786154514053
1.425,0.39894792922856015
1.45,0.4013074860901637
1.475,0.4037500538664325
1.5,0.40608872893139014
1.525,0.4082232287200196
1.55,0.41011108616521263
1.575,0.4117455141872491
1.6,0.4131397689425366
1.625,0.41431688835096386
1.65,0.41530341886676203
1.675,0.4161258647602689
1.7,0.41680887034111747
1.725,0.4173744374310006
1.75,0.41784172319667173
1.775,0.4182271399843842
1.8,0.41854459579390474
1.825,0.41880578636970145
1.85,0.4190204922747418
1.875,0.4191968581353196
1.9,0.4193416442040941
1.925,0.4194604472410396
1.95,0.4195578912176228
1.975,0.4196377900424996
2,0.41970328522157685