"FullName","Length","LastWriteTime"
"C:\Users\Administrator\Documents\Codex\2026-09-11\html-blackhole-1-three-js-2\outputs\altar-film\edit\BlackHoleAltar_Baseline.xml","46295","2026/9/12 11:44:52"
"C:\Users\Administrator\Documents\Codex\2026-09-11\html-blackhole-1-three-js-2\outputs\altar-film\edit\BlackHoleAltar_BeforeMediaFix.prproj","2161","2026/9/12 11:34:09"
"C:\Users\Administrator\Documents\Codex\2026-09-11\html-blackhole-1-three-js-2\outputs\altar-film\edit\BlackHoleAltar_Edit.prproj","2161","2026/9/12 11:34:09"
"C:\Users\Administrator\Documents\Codex\2026-09-11\html-blackhole-1-three-js-2\outputs\altar-film\edit\BlackHoleAltar_FinalEdit.prproj","14404","2026/9/12 11:56:55"
"C:\Users\Administrator\Documents\Codex\2026-09-11\html-blackhole-1-three-js-2\outputs\altar-film\edit\BlackHoleAltar_SavePathBackup.prproj","14404","2026/9/12 11:56:55"
"C:\Users\Administrator\Documents\Codex\2026-09-11\html-blackhole-1-three-js-2\outputs\altar-film\edit\edit-preview.jpg","469754","2026/9/12 11:49:35"
"C:\Users\Administrator\Documents\Codex\2026-09-11\html-blackhole-1-three-js-2\outputs\altar-film\edit\source-contact-sheet.jpg","299643","2026/9/12 11:26:50"
"C:\Users\Administrator\Documents\Codex\2026-09-11\html-blackhole-1-three-js-2\outputs\altar-film\edit\graphics-encode.log","0","2026/9/12 11:54:31"
"C:\Users\Administrator\Documents\Codex\2026-09-11\html-blackhole-1-three-js-2\outputs\altar-film\edit\premiere-baseline-status.txt","576","2026/9/12 11:42:24"
"C:\Users\Administrator\Documents\Codex\2026-09-11\html-blackhole-1-three-js-2\outputs\altar-film\edit\premiere-final-status.txt","1688","2026/9/12 11:56:56"
"C:\Users\Administrator\Documents\Codex\2026-09-11\html-blackhole-1-three-js-2\outputs\altar-film\edit\premiere-linked-status.txt","645","2026/9/12 11:46:09"
"C:\Users\Administrator\Documents\Codex\2026-09-11\html-blackhole-1-three-js-2\outputs\altar-film\edit\premiere-probe.txt","59","2026/9/12 11:24:48"
"C:\Users\Administrator\Documents\Codex\2026-09-11\html-blackhole-1-three-js-2\outputs\altar-film\edit\tools-adobe-premiere-sample.jsx","107097","2026/9/12 11:24:45"
"C:\Users\Administrator\Documents\Codex\2026-09-11\html-blackhole-1-three-js-2\outputs\altar-film\edit\assets\Eventide_Altar_synth_raw.wav","97468844","2026/9/12 11:47:50"
"C:\Users\Administrator\Documents\Codex\2026-09-11\html-blackhole-1-three-js-2\outputs\altar-film\edit\assets\graphics-preview-003.png","42043","2026/9/12 11:54:31"
"C:\Users\Administrator\Documents\Codex\2026-09-11\html-blackhole-1-three-js-2\outputs\altar-film\edit\assets\graphics-preview-060.png","25870","2026/9/12 11:54:33"
"C:\Users\Administrator\Documents\Codex\2026-09-11\html-blackhole-1-three-js-2\outputs\altar-film\edit\assets\graphics-preview-460.png","41008","2026/9/12 11:54:51"
"C:\Users\Administrator\Documents\Codex\2026-09-11\html-blackhole-1-three-js-2\outputs\altar-film\edit\scripts\probe-premiere.jsx","494","2026/9/12 11:24:14"
"C:\Users\Administrator\Documents\Codex\2026-09-11\html-blackhole-1-three-js-2\outputs\altar-film\edit\scripts\create-baseline-premiere.jsx","2915","2026/9/12 11:30:06"
"C:\Users\Administrator\Documents\Codex\2026-09-11\html-blackhole-1-three-js-2\outputs\altar-film\edit\scripts\inspect-source.py","1229","2026/9/12 11:26:23"
"C:\Users\Administrator\Documents\Codex\2026-09-11\html-blackhole-1-three-js-2\outputs\altar-film\edit\Adobe Premiere Pro Auto-Save\BlackHoleAltar_Edit--0009d3b2-4b96-a9a4-d995-60b589082066-2026-09-12_11-42-29.prproj","18653","2026/9/12 11:42:29"
"C:\Users\Administrator\Documents\Codex\2026-09-11\html-blackhole-1-three-js-2\outputs\altar-film\edit\Adobe Premiere Pro Auto-Save\BlackHoleAltar_Linked--1311d369-2ff9-75c4-8530-4ca33d547c78-2026-09-12_11-51-05.prproj","14392","2026/9/12 11:46:09"
"C:\Users\Administrator\Documents\Codex\2026-09-11\html-blackhole-1-three-js-2\outputs\altar-film\edit\assets\component_01.png","39427","2026/9/12 11:54:30"
"C:\Users\Administrator\Documents\Codex\2026-09-11\html-blackhole-1-three-js-2\outputs\altar-film\edit\assets\component_02.png","37131","2026/9/12 11:54:30"
"C:\Users\Administrator\Documents\Codex\2026-09-11\html-blackhole-1-three-js-2\outputs\altar-film\edit\assets\component_03.png","32710","2026/9/12 11:54:30"
"C:\Users\Administrator\Documents\Codex\2026-09-11\html-blackhole-1-three-js-2\outputs\altar-film\edit\assets\component_04.png","35901","2026/9/12 11:54:30"
"C:\Users\Administrator\Documents\Codex\2026-09-11\html-blackhole-1-three-js-2\outputs\altar-film\edit\assets\component_05.png","37516","2026/9/12 11:54:30"
"C:\Users\Administrator\Documents\Codex\2026-09-11\html-blackhole-1-three-js-2\outputs\altar-film\edit\assets\component_06.png","37225","2026/9/12 11:54:30"
"C:\Users\Administrator\Documents\Codex\2026-09-11\html-blackhole-1-three-js-2\outputs\altar-film\edit\assets\component_07.png","39020","2026/9/12 11:54:30"
"C:\Users\Administrator\Documents\Codex\2026-09-11\html-blackhole-1-three-js-2\outputs\altar-film\edit\assets\component_08.png","36078","2026/9/12 11:54:30"
"C:\Users\Administrator\Documents\Codex\2026-09-11\html-blackhole-1-three-js-2\outputs\altar-film\edit\assets\component_09.png","37893","2026/9/12 11:54:30"
"C:\Users\Administrator\Documents\Codex\2026-09-11\html-blackhole-1-three-js-2\outputs\altar-film\edit\assets\component_10.png","35595","2026/9/12 11:54:31"
